Workbook
Name lst_Books: 'My Books'!$B$5:$B$24
Name lst_BookTypes: Config!$E$5:$E$15
Name lst_Series: 'Universes & Series'!$A$5:$A$24
Name lst_Stages: Config!$F$5:$F$14
Name lst_Universes: Config!$G$5:$G$15

Sheet Dashboard
A1: 🌟 AUTHOR ECOSYSTEM • EXECUTIVE DASHBOARD
A2: Real-time strategic overview of your writing career milestones, fictional universes, active pacing, and habit momentum.
A4: LIFETIME CAREER WORDS | C4: =UPPER(Config!$G$5)&" UNIVERSE" -> RELIQUARY UNIVERSE | E4: =UPPER(Config!$G$6)&" PROJECTS" -> STANDALONE PROJECTS | G4: TRAILING 30D VELOCITY
A5: =SUM('My Books'!$H$5:$H$24) -> 7450 | C5: =SUMIF('My Books'!$D$5:$D$24,Config!$G$5,'My Books'!$H$5:$H$24) -> 0 | E5: =SUMIF('My Books'!$D$5:$D$24,Config!$G$6,'My Books'!$H$5:$H$24) -> 0 | G5: =Calc!$S$11 -> 162
A6: ="(" & TEXT(IF(Config!$B$6>0, A5/Config!$B$6, 0), "0.0%") & " of " & TEXT(Config!$B$6/1000000, "#,##0") & "M Milestone)" -> (0.0% of 15M Milestone) | C6: ="(" & TEXT(IF(A5>0, C5/A5, 0), "0.0%") & " of Total Output)" -> (0.0% of Total Output) | E6: ="(" & TEXT(IF(A5>0, E5/A5, 0), "0.0%") & " of Total Output)" -> (0.0% of Total Output) | G6: Words / Day (Actual Pace)
A7: ="🔥 Streak: "&Calc!$S$8&IF(Calc!$S$8=1," day"," days")&" · "&Calc!$S$10&" grace left" -> 🔥 Streak: 2 days · 0 grace left | C7: ="🎯 Month Total: "&TEXT(Calc!$S$6,"#,##0")&" wds" -> 🎯 Month Total: 0 wds | E7: ="🏁 Month Target: "&TEXT(Calc!$S$5,"#,##0")&" wds" -> 🏁 Month Target: 62,000 wds | G7: ="📅 YTD: "&TEXT(Calc!$S$7,"#,##0")&" / "&TEXT(Config!$B$7,"#,##0")&" ("&TEXT(IF(Config!$B$7>0,Calc!$S$7/Config!$B$7,0),"0%")&")" -> 📅 YTD: 0 / 730,000 (0%)
A8: 📌 CURRENT ACTIVE BOOKS SPOTLIGHT (unfinished books, soonest deadline first)
A9: Book Title | B9: Universe | C9: Stage | D9: Draft Target Words | E9: Total Work Words | F9: Draft Progress % | G9: Days Left | H9: Draft Words/Day Needed | I9: Draft Words
A10: =IF(Calc!$P$5=0,"",INDEX('My Books'!$B$1:$B$24,Calc!$P$5)) -> Prisoner of Sand Sea | B10: =IF(Calc!$P$5=0,"",INDEX('My Books'!$D$1:$D$24,Calc!$P$5)) -> Reliquary | C10: =IF(Calc!$P$5=0,"",INDEX('My Books'!$F$1:$F$24,Calc!$P$5)) -> Concept | D10: =IF(Calc!$P$5=0,"",INDEX('My Books'!$G$1:$G$24,Calc!$P$5)) -> 200000 | E10: =IF(Calc!$P$5=0,"",INDEX('My Books'!$H$1:$H$24,Calc!$P$5)) -> 0 | F10: =IF(Calc!$P$5=0,"",INDEX('My Books'!$I$1:$I$24,Calc!$P$5)) -> 0 | G10: =IF(Calc!$P$5=0,"",INDEX('My Books'!$M$1:$M$24,Calc!$P$5)) -> 257 | H10: =IF(Calc!$P$5=0,"",INDEX('My Books'!$N$1:$N$24,Calc!$P$5)) -> 1105 | I10: =IF(Calc!$P$5=0,"",INDEX('My Books'!$Q$1:$Q$24,Calc!$P$5)) -> 0
A11: =IF(Calc!$P$6=0,"",INDEX('My Books'!$B$1:$B$24,Calc!$P$6)) -> Gothic Fantasy 1 | B11: =IF(Calc!$P$6=0,"",INDEX('My Books'!$D$1:$D$24,Calc!$P$6)) -> Reliquary | C11: =IF(Calc!$P$6=0,"",INDEX('My Books'!$F$1:$F$24,Calc!$P$6)) -> Concept | D11: =IF(Calc!$P$6=0,"",INDEX('My Books'!$G$1:$G$24,Calc!$P$6)) -> 150000 | E11: =IF(Calc!$P$6=0,"",INDEX('My Books'!$H$1:$H$24,Calc!$P$6)) -> 0 | F11: =IF(Calc!$P$6=0,"",INDEX('My Books'!$I$1:$I$24,Calc!$P$6)) -> 0 | G11: =IF(Calc!$P$6=0,"",INDEX('My Books'!$M$1:$M$24,Calc!$P$6)) -> 441 | H11: =IF(Calc!$P$6=0,"",INDEX('My Books'!$N$1:$N$24,Calc!$P$6)) -> 816 | I11: =IF(Calc!$P$6=0,"",INDEX('My Books'!$Q$1:$Q$24,Calc!$P$6)) -> 0
A12: =IF(Calc!$P$7=0,"",INDEX('My Books'!$B$1:$B$24,Calc!$P$7)) -> Quest Fantasy 1 | B12: =IF(Calc!$P$7=0,"",INDEX('My Books'!$D$1:$D$24,Calc!$P$7)) -> Reliquary | C12: =IF(Calc!$P$7=0,"",INDEX('My Books'!$F$1:$F$24,Calc!$P$7)) -> Concept | D12: =IF(Calc!$P$7=0,"",INDEX('My Books'!$G$1:$G$24,Calc!$P$7)) -> 200000 | E12: =IF(Calc!$P$7=0,"",INDEX('My Books'!$H$1:$H$24,Calc!$P$7)) -> 0 | F12: =IF(Calc!$P$7=0,"",INDEX('My Books'!$I$1:$I$24,Calc!$P$7)) -> 0 | G12: =IF(Calc!$P$7=0,"",INDEX('My Books'!$M$1:$M$24,Calc!$P$7)) -> 562 | H12: =IF(Calc!$P$7=0,"",INDEX('My Books'!$N$1:$N$24,Calc!$P$7)) -> 1653 | I12: =IF(Calc!$P$7=0,"",INDEX('My Books'!$Q$1:$Q$24,Calc!$P$7)) -> 0
A13: =IF(Calc!$P$8=0,"",INDEX('My Books'!$B$1:$B$24,Calc!$P$8)) -> Ruler of Sand Sea | B13: =IF(Calc!$P$8=0,"",INDEX('My Books'!$D$1:$D$24,Calc!$P$8)) -> Reliquary | C13: =IF(Calc!$P$8=0,"",INDEX('My Books'!$F$1:$F$24,Calc!$P$8)) -> Concept | D13: =IF(Calc!$P$8=0,"",INDEX('My Books'!$G$1:$G$24,Calc!$P$8)) -> 200000 | E13: =IF(Calc!$P$8=0,"",INDEX('My Books'!$H$1:$H$24,Calc!$P$8)) -> 0 | F13: =IF(Calc!$P$8=0,"",INDEX('My Books'!$I$1:$I$24,Calc!$P$8)) -> 0 | G13: =IF(Calc!$P$8=0,"",INDEX('My Books'!$M$1:$M$24,Calc!$P$8)) -> 685 | H13: =IF(Calc!$P$8=0,"",INDEX('My Books'!$N$1:$N$24,Calc!$P$8)) -> 1627 | I13: =IF(Calc!$P$8=0,"",INDEX('My Books'!$Q$1:$Q$24,Calc!$P$8)) -> 0
A14: =IF(Calc!$P$9=0,"",INDEX('My Books'!$B$1:$B$24,Calc!$P$9)) -> Company of the Storm | B14: =IF(Calc!$P$9=0,"",INDEX('My Books'!$D$1:$D$24,Calc!$P$9)) -> Reliquary | C14: =IF(Calc!$P$9=0,"",INDEX('My Books'!$F$1:$F$24,Calc!$P$9)) -> Concept | D14: =IF(Calc!$P$9=0,"",INDEX('My Books'!$G$1:$G$24,Calc!$P$9)) -> 150000 | E14: =IF(Calc!$P$9=0,"",INDEX('My Books'!$H$1:$H$24,Calc!$P$9)) -> 0 | F14: =IF(Calc!$P$9=0,"",INDEX('My Books'!$I$1:$I$24,Calc!$P$9)) -> 0 | G14: =IF(Calc!$P$9=0,"",INDEX('My Books'!$M$1:$M$24,Calc!$P$9)) -> 807 | H14: =IF(Calc!$P$9=0,"",INDEX('My Books'!$N$1:$N$24,Calc!$P$9)) -> 1230 | I14: =IF(Calc!$P$9=0,"",INDEX('My Books'!$Q$1:$Q$24,Calc!$P$9)) -> 0
A15: =IF(Calc!$P$10=0,"",INDEX('My Books'!$B$1:$B$24,Calc!$P$10)) -> The Silver Chronicles | B15: =IF(Calc!$P$10=0,"",INDEX('My Books'!$D$1:$D$24,Calc!$P$10)) -> Eldoria-Cosmos | C15: =IF(Calc!$P$10=0,"",INDEX('My Books'!$F$1:$F$24,Calc!$P$10)) -> Drafting | D15: =IF(Calc!$P$10=0,"",INDEX('My Books'!$G$1:$G$24,Calc!$P$10)) -> 120000 | E15: =IF(Calc!$P$10=0,"",INDEX('My Books'!$H$1:$H$24,Calc!$P$10)) -> 7450 | F15: =IF(Calc!$P$10=0,"",INDEX('My Books'!$I$1:$I$24,Calc!$P$10)) -> 0.0475 | G15: =IF(Calc!$P$10=0,"",INDEX('My Books'!$M$1:$M$24,Calc!$P$10)) -> 227 | H15: =IF(Calc!$P$10=0,"",INDEX('My Books'!$N$1:$N$24,Calc!$P$10)) -> 0 | I15: =IF(Calc!$P$10=0,"",INDEX('My Books'!$Q$1:$Q$24,Calc!$P$10)) -> 5700
A16: =IF(Calc!$P$11=0,"",INDEX('My Books'!$B$1:$B$24,Calc!$P$11)) | B16: =IF(Calc!$P$11=0,"",INDEX('My Books'!$D$1:$D$24,Calc!$P$11)) | C16: =IF(Calc!$P$11=0,"",INDEX('My Books'!$F$1:$F$24,Calc!$P$11)) | D16: =IF(Calc!$P$11=0,"",INDEX('My Books'!$G$1:$G$24,Calc!$P$11)) | E16: =IF(Calc!$P$11=0,"",INDEX('My Books'!$H$1:$H$24,Calc!$P$11)) | F16: =IF(Calc!$P$11=0,"",INDEX('My Books'!$I$1:$I$24,Calc!$P$11)) | G16: =IF(Calc!$P$11=0,"",INDEX('My Books'!$M$1:$M$24,Calc!$P$11)) | H16: =IF(Calc!$P$11=0,"",INDEX('My Books'!$N$1:$N$24,Calc!$P$11)) | I16: =IF(Calc!$P$11=0,"",INDEX('My Books'!$Q$1:$Q$24,Calc!$P$11))
A17: =IF(Calc!$P$12=0,"",INDEX('My Books'!$B$1:$B$24,Calc!$P$12)) | B17: =IF(Calc!$P$12=0,"",INDEX('My Books'!$D$1:$D$24,Calc!$P$12)) | C17: =IF(Calc!$P$12=0,"",INDEX('My Books'!$F$1:$F$24,Calc!$P$12)) | D17: =IF(Calc!$P$12=0,"",INDEX('My Books'!$G$1:$G$24,Calc!$P$12)) | E17: =IF(Calc!$P$12=0,"",INDEX('My Books'!$H$1:$H$24,Calc!$P$12)) | F17: =IF(Calc!$P$12=0,"",INDEX('My Books'!$I$1:$I$24,Calc!$P$12)) | G17: =IF(Calc!$P$12=0,"",INDEX('My Books'!$M$1:$M$24,Calc!$P$12)) | H17: =IF(Calc!$P$12=0,"",INDEX('My Books'!$N$1:$N$24,Calc!$P$12)) | I17: =IF(Calc!$P$12=0,"",INDEX('My Books'!$Q$1:$Q$24,Calc!$P$12))
A18: 💡 QUICK USER GUIDE & BEST PRACTICES
A19: 1. Adding Projects | B19: Add projects in 'My Books' or run `python scripts/arcanum workbook sync`: Year, Type, Universe, Stage, Continuity Compilers, World Bible Lore, and all 15 charts across the 8 sheets auto-update dynamically!
A20: 2. Series Dropdown | B20: Add series in 'Universes & Series': Universe auto-populates, and the Series Canon & Word Volume charts below the table update automatically.
A21: 3. Daily Logging | B21: In 'Daily Writing Log', select a Date and Book Title — Stage at Session auto-populates from 'My Books', and Creative Phase & Weekly Rhythm charts update live.
A22: 4. Phase-Aware Effort | B22: Effort multipliers in 'Config' weight each session by its logged stage (100% for drafting/in-phase outlining, 50% for worldbuilding, 20% for in-phase revision, 0% for premature revision during drafting).
A23: 5. Central Settings | B23: Adjust the daily effort goal, lifetime word milestone, annual production target, and phase-effort weights in 'Config'. The monthly target automatically scales to the exact number of days in the current month.
A25: 📈 EXECUTIVE VISUAL TELEMETRY • 30D VELOCITY, ACTIVE SPOTLIGHT & MULTI-YEAR CAPACITY

Sheet Config
A1: ⚙️ ECOSYSTEM CONFIGURATION & CENTRAL SETTINGS
A2: =TODAY() -> 46312 | B2: System Reference Date (Centralized TODAY() for all pace & projection formulas)
A4: Variable Name | B4: Value | C4: Unit / Description | E4: Book Types | F4: Project Stages | G4: Universes | I4: =IF(Dashboard!$A$10="","Project 1: (empty slot)","Project 1: "&Dashboard!$A$10) -> Project 1: Prisoner of Sand Sea | J4: Words | K4: Share | M4: =IF(Dashboard!$A$14="","Project 5: (empty slot)","Project 5: "&Dashboard!$A$14) -> Project 5: Company of the Storm | N4: Words | O4: Share
A5: Daily Effort Goal Target | B5: 2000 | C5: Weighted effort points per day | E5: Novel | F5: Concept | G5: Reliquary | I5: Draft Words | J5: =N(Dashboard!$I$10) -> 0 | K5: =IF(N(Dashboard!$D$10)>0,J5/Dashboard!$D$10,0) -> 0 | M5: Draft Words | N5: =N(Dashboard!$I$14) -> 0 | O5: =IF(N(Dashboard!$D$14)>0,N5/Dashboard!$D$14,0) -> 0
A6: Career Lifetime Milestone Target | B6: 15000000 | C6: Total Lifetime Words goal | E6: Novella | F6: Pre-Draft Outline | G6: Standalone | I6: Remaining | J6: =MAX(0,N(Dashboard!$D$10)-J5) -> 200000 | K6: =IF(N(Dashboard!$D$10)>0,J6/Dashboard!$D$10,0) -> 1 | M6: Remaining | N6: =MAX(0,N(Dashboard!$D$14)-N5) -> 150000 | O6: =IF(N(Dashboard!$D$14)>0,N6/Dashboard!$D$14,0) -> 1
A7: Current Annual Production Target | B7: 730000 | C7: Target words for current year | E7: Novelette | F7: Drafting | G7: Eldoria-Cosmos
A8: Streak Grace Days / Month | B8: 3 | C8: Forgiven missed days per month (assumption: 3) | E8: Short Story | F8: Pre-Revision Outline | G8: Other Universe | I8: =IF(Dashboard!$A$11="","Project 2: (empty slot)","Project 2: "&Dashboard!$A$11) -> Project 2: Gothic Fantasy 1 | J8: Words | K8: Share | M8: =IF(Dashboard!$A$15="","Project 6: (empty slot)","Project 6: "&Dashboard!$A$15) -> Project 6: The Silver Chronicles | N8: Words | O8: Share
A9: Effort Multiplier (Phase Weight) | B9: Weight | C9: Rule / Application Logic | E9: Anthology / Omnibus | F9: Revision | I9: Draft Words | J9: =N(Dashboard!$I$11) -> 0 | K9: =IF(N(Dashboard!$D$11)>0,J9/Dashboard!$D$11,0) -> 0 | M9: Draft Words | N9: =N(Dashboard!$I$15) -> 5700 | O9: =IF(N(Dashboard!$D$15)>0,N9/Dashboard!$D$15,0) -> 0.0475
A10: Drafting Prose (First Draft) | B10: 1 | C10: Always 100% effort credit toward daily goal | F10: Beta Review | I10: Remaining | J10: =MAX(0,N(Dashboard!$D$11)-J9) -> 150000 | K10: =IF(N(Dashboard!$D$11)>0,J10/Dashboard!$D$11,0) -> 1 | M10: Remaining | N10: =MAX(0,N(Dashboard!$D$15)-N9) -> 114300 | O10: =IF(N(Dashboard!$D$15)>0,N10/Dashboard!$D$15,0) -> 0.9525
A11: Pre-Draft Outlining | B11: 1 | C11: Full 100% credit when book is in Pre-Draft Outline stage | F11: Proofing
A12: Pre-Revision Outlining | B12: 1 | C12: Full 100% credit when book is in Pre-Revision Outline stage | F12: Querying | I12: =IF(Dashboard!$A$12="","Project 3: (empty slot)","Project 3: "&Dashboard!$A$12) -> Project 3: Quest Fantasy 1 | J12: Words | K12: Share | M12: =IF(Dashboard!$A$16="","Project 7: (empty slot)","Project 7: "&Dashboard!$A$16) -> Project 7: (empty slot) | N12: Words | O12: Share
A13: Off-Phase Outlining | B13: 0.5 | C13: Half credit if outlining outside designated outline stages | F13: Publishing | I13: Draft Words | J13: =N(Dashboard!$I$12) -> 0 | K13: =IF(N(Dashboard!$D$12)>0,J13/Dashboard!$D$12,0) -> 0 | M13: Draft Words | N13: =N(Dashboard!$I$16) -> 0 | O13: =IF(N(Dashboard!$D$16)>0,N13/Dashboard!$D$16,0) -> 0
A14: Worldbuilding / Lore Notes | B14: 0.5 | C14: 50% credit (2 worldbuilding words = 1 effort point) | F14: Published | I14: Remaining | J14: =MAX(0,N(Dashboard!$D$12)-J13) -> 200000 | K14: =IF(N(Dashboard!$D$12)>0,J14/Dashboard!$D$12,0) -> 1 | M14: Remaining | N14: =MAX(0,N(Dashboard!$D$16)-N13) -> 0 | O14: =IF(N(Dashboard!$D$16)>0,N14/Dashboard!$D$16,0) -> 0
A15: Revisions (during Revision Stage) | B15: 0.2 | C15: 20% credit when book is in Revision stage (5 revised wds = 1 pt)
A16: Revisions (outside Revision Stage) | B16: 0 | C16: Zero effort credit during drafting (prevents premature editing!) | I16: =IF(Dashboard!$A$13="","Project 4: (empty slot)","Project 4: "&Dashboard!$A$13) -> Project 4: Ruler of Sand Sea | J16: Words | K16: Share | M16: =IF(Dashboard!$A$17="","Project 8: (empty slot)","Project 8: "&Dashboard!$A$17) -> Project 8: (empty slot) | N16: Words | O16: Share
I17: Draft Words | J17: =N(Dashboard!$I$13) -> 0 | K17: =IF(N(Dashboard!$D$13)>0,J17/Dashboard!$D$13,0) -> 0 | M17: Draft Words | N17: =N(Dashboard!$I$17) -> 0 | O17: =IF(N(Dashboard!$D$17)>0,N17/Dashboard!$D$17,0) -> 0
I18: Remaining | J18: =MAX(0,N(Dashboard!$D$13)-J17) -> 200000 | K18: =IF(N(Dashboard!$D$13)>0,J18/Dashboard!$D$13,0) -> 1 | M18: Remaining | N18: =MAX(0,N(Dashboard!$D$17)-N17) -> 0 | O18: =IF(N(Dashboard!$D$17)>0,N18/Dashboard!$D$17,0) -> 0
I20: Daily Habit Progress | J20: Effort Points | K20: Share
I21: Earned Today | J21: =SUMIFS('Daily Writing Log'!$I$5:$I$34,'Daily Writing Log'!$A$5:$A$34,$A$2) -> 0 | K21: =IF(Config!$B$5>0,MIN(1,J21/Config!$B$5),0) -> 0
I22: Remaining Today | J22: =MAX(0,$B$5-J21) -> 2000 | K22: =IF(Config!$B$5>0,MAX(0,1-J21/Config!$B$5),0) -> 1
A24: 🩺 DATA INTEGRITY CHECKS | B24: Issues | C24: What it means / how to fix
A25: Log rows with unknown Book Title | B25: =SUMPRODUCT(('Daily Writing Log'!$B$5:$B$34<>"")*(COUNTIF('My Books'!$B$5:$B$24,'Daily Writing Log'!$B$5:$B$34)=0)) -> 0 | C25: Title not found in 'My Books' (typo or renamed book) - its words are not counted toward any book
A26: Duplicate Book Titles | B26: =SUMPRODUCT(('My Books'!$B$5:$B$24<>"")*(COUNTIF('My Books'!$B$5:$B$24,'My Books'!$B$5:$B$24)>1)) -> 0 | C26: Titles must be unique - duplicates double-count words
A27: Log rows missing a Stage | B27: =SUMPRODUCT(('Daily Writing Log'!$B$5:$B$34<>"")*('Daily Writing Log'!$C$5:$C$34="")) -> 0 | C27: Stage drives effort weights (outlining / revision) - pick one in the Stage column
A28: Log rows with words dated in the future | B28: =COUNTIFS('Daily Writing Log'!$A$5:$A$34,">"&$A$2,'Daily Writing Log'!$H$5:$H$34,">0") -> 1 | C28: Future-dated word counts do not count toward today / streak / velocity (0-word planning rows are ignored)
A29: Log rows missing Date or Book | B29: =SUMPRODUCT((('Daily Writing Log'!$D$5:$D$34+'Daily Writing Log'!$E$5:$E$34+'Daily Writing Log'!$F$5:$F$34+'Daily Writing Log'!$G$5:$G$34)>0)*(('Daily Writing Log'!$A$5:$A$34="")+('Daily Writing Log'!$B$5:$B$34="")>0)) -> 0 | C29: Words without a date and a book are invisible to the dashboard
A30: Words not credited to any book | B30: =SUM('Daily Writing Log'!$H$5:$H$34)-SUM('My Books'!$H$5:$H$24) -> 0 | C30: Should be 0. Non-zero = orphaned log rows (see first check)
A31: Series catalog errors or unknown series | B31: =COUNTIF('Universes & Series'!$H$5:$H$24,"⚠*")+SUMPRODUCT(('My Books'!$E$5:$E$24<>"")*(COUNTIF('Universes & Series'!$A$5:$A$24,'My Books'!$E$5:$E$24)=0)) -> 0 | C31: Flags if 'My Books' uses an unknown Series or if cataloged books exceed Planned Books in 'Universes & Series'
A32: Active books past deadline (Overdue) | B32: =COUNTIF('My Books'!$R$5:$R$24,"🔴 Overdue") -> 0 | C32: Unfinished books in 'My Books' whose deadline has passed — extend deadline or prioritize
A33: Overall status | B33: =COUNTIF(B25:B32,"<>0") -> 1 | C33: =IF(B33=0,"✅ All 8 integrity checks pass","⚠️ "&B33&" check(s) need attention") -> ⚠️ 1 check(s) need attention

Sheet Universes & Series
A1: 🌌 UNIVERSES & SERIES • CANON PORTFOLIO
A2: Manage shared fictional universes alongside standalone stories and track lifetime wordcounts across each series.
A4: Series Title | B4: Universe | C4: Planned Books | D4: Completed Books | E4: Books In Progress | F4: Total Work Words | G4: Series Premise / Notes | H4: Catalog Check | I4: Draft Progress %
A5: Sand Sea Saga | B5: Reliquary | C5: 3 | D5: =IF(A5="","",COUNTIFS('My Books'!$E$5:$E$24,A5,'My Books'!$F$5:$F$24,"Published")) -> 0 | E5: =IF(A5="","",COUNTIFS('My Books'!$E$5:$E$24,A5,'My Books'!$F$5:$F$24,"<>Published",'My Books'!$F$5:$F$24,"<>")) -> 2 | F5: =IF(A5="","",SUMIFS('My Books'!$H$5:$H$24,'My Books'!$E$5:$E$24,A5)) -> 0 | G5: Cosmere inspired dark-epic fantasy | H5: =IF(A5="","",IF(D5+E5>C5,"⚠️ Over-cataloged ("&(D5+E5)&"/"&C5&")","✓ "&(D5+E5)&" of "&C5&" cataloged ("&(C5-D5-E5)&" future)")) -> ✓ 2 of 3 cataloged (1 future) | I5: =IF(A5="","",IFERROR(SUMIFS('My Books'!$Q$5:$Q$24,'My Books'!$E$5:$E$24,A5)/SUMIFS('My Books'!$G$5:$G$24,'My Books'!$E$5:$E$24,A5),0)) -> 0
A6: Gothic Fantasy Series | B6: Reliquary | C6: 4 | D6: =IF(A6="","",COUNTIFS('My Books'!$E$5:$E$24,A6,'My Books'!$F$5:$F$24,"Published")) -> 0 | E6: =IF(A6="","",COUNTIFS('My Books'!$E$5:$E$24,A6,'My Books'!$F$5:$F$24,"<>Published",'My Books'!$F$5:$F$24,"<>")) -> 1 | F6: =IF(A6="","",SUMIFS('My Books'!$H$5:$H$24,'My Books'!$E$5:$E$24,A6)) -> 0 | G6: Bloodborne inspired grim-epic fantasy | H6: =IF(A6="","",IF(D6+E6>C6,"⚠️ Over-cataloged ("&(D6+E6)&"/"&C6&")","✓ "&(D6+E6)&" of "&C6&" cataloged ("&(C6-D6-E6)&" future)")) -> ✓ 1 of 4 cataloged (3 future) | I6: =IF(A6="","",IFERROR(SUMIFS('My Books'!$Q$5:$Q$24,'My Books'!$E$5:$E$24,A6)/SUMIFS('My Books'!$G$5:$G$24,'My Books'!$E$5:$E$24,A6),0)) -> 0
A7: Classic Quest Fantasy | B7: Reliquary | C7: 3 | D7: =IF(A7="","",COUNTIFS('My Books'!$E$5:$E$24,A7,'My Books'!$F$5:$F$24,"Published")) -> 0 | E7: =IF(A7="","",COUNTIFS('My Books'!$E$5:$E$24,A7,'My Books'!$F$5:$F$24,"<>Published",'My Books'!$F$5:$F$24,"<>")) -> 1 | F7: =IF(A7="","",SUMIFS('My Books'!$H$5:$H$24,'My Books'!$E$5:$E$24,A7)) -> 0 | G7: Golden age quest fantasy | H7: =IF(A7="","",IF(D7+E7>C7,"⚠️ Over-cataloged ("&(D7+E7)&"/"&C7&")","✓ "&(D7+E7)&" of "&C7&" cataloged ("&(C7-D7-E7)&" future)")) -> ✓ 1 of 3 cataloged (2 future) | I7: =IF(A7="","",IFERROR(SUMIFS('My Books'!$Q$5:$Q$24,'My Books'!$E$5:$E$24,A7)/SUMIFS('My Books'!$G$5:$G$24,'My Books'!$E$5:$E$24,A7),0)) -> 0
A8: Stormbreaker Chronicles | B8: Reliquary | C8: 8 | D8: =IF(A8="","",COUNTIFS('My Books'!$E$5:$E$24,A8,'My Books'!$F$5:$F$24,"Published")) -> 0 | E8: =IF(A8="","",COUNTIFS('My Books'!$E$5:$E$24,A8,'My Books'!$F$5:$F$24,"<>Published",'My Books'!$F$5:$F$24,"<>")) -> 1 | F8: =IF(A8="","",SUMIFS('My Books'!$H$5:$H$24,'My Books'!$E$5:$E$24,A8)) -> 0 | G8: Comedic adventures of a mercenary company | H8: =IF(A8="","",IF(D8+E8>C8,"⚠️ Over-cataloged ("&(D8+E8)&"/"&C8&")","✓ "&(D8+E8)&" of "&C8&" cataloged ("&(C8-D8-E8)&" future)")) -> ✓ 1 of 8 cataloged (7 future) | I8: =IF(A8="","",IFERROR(SUMIFS('My Books'!$Q$5:$Q$24,'My Books'!$E$5:$E$24,A8)/SUMIFS('My Books'!$G$5:$G$24,'My Books'!$E$5:$E$24,A8),0)) -> 0
A9: The Silver Chronicles | B9: Eldoria-Cosmos | C9: 3 | D9: =IF(A9="","",COUNTIFS('My Books'!$E$5:$E$24,A9,'My Books'!$F$5:$F$24,"Published")) -> 0 | E9: =IF(A9="","",COUNTIFS('My Books'!$E$5:$E$24,A9,'My Books'!$F$5:$F$24,"<>Published",'My Books'!$F$5:$F$24,"<>")) -> 1 | F9: =IF(A9="","",SUMIFS('My Books'!$H$5:$H$24,'My Books'!$E$5:$E$24,A9)) -> 7450 | G9: Sovereign multi-POV epic fantasy showcase (templates/demo-cosmos/Eldoria-Cosmos) | H9: =IF(A9="","",IF(D9+E9>C9,"⚠️ Over-cataloged ("&(D9+E9)&"/"&C9&")","✓ "&(D9+E9)&" of "&C9&" cataloged ("&(C9-D9-E9)&" future)")) -> ✓ 1 of 3 cataloged (2 future) | I9: =IF(A9="","",IFERROR(SUMIFS('My Books'!$Q$5:$Q$24,'My Books'!$E$5:$E$24,A9)/SUMIFS('My Books'!$G$5:$G$24,'My Books'!$E$5:$E$24,A9),0)) -> 0.0475
A10: Silver Chronicles | B10: Eldoria-Cosmos | C10: 3 | D10: =IF(A10="","",COUNTIFS('My Books'!$E$5:$E$24,A10,'My Books'!$F$5:$F$24,"Published")) -> 0 | E10: =IF(A10="","",COUNTIFS('My Books'!$E$5:$E$24,A10,'My Books'!$F$5:$F$24,"<>Published",'My Books'!$F$5:$F$24,"<>")) -> 0 | F10: =IF(A10="","",SUMIFS('My Books'!$H$5:$H$24,'My Books'!$E$5:$E$24,A10)) -> 0 | G10: Auto-registered series from sprint log (The Silver Chronicles) | H10: =IF(A10="","",IF(D10+E10>C10,"⚠️ Over-cataloged ("&(D10+E10)&"/"&C10&")","✓ "&(D10+E10)&" of "&C10&" cataloged ("&(C10-D10-E10)&" future)")) -> ✓ 0 of 3 cataloged (3 future) | I10: =IF(A10="","",IFERROR(SUMIFS('My Books'!$Q$5:$Q$24,'My Books'!$E$5:$E$24,A10)/SUMIFS('My Books'!$G$5:$G$24,'My Books'!$E$5:$E$24,A10),0)) -> 0
B11: =IF($A11="","",Config!$G$5) | D11: =IF($A11="","",COUNTIFS('My Books'!$E$5:$E$24,$A11,'My Books'!$F$5:$F$24,"Published")) | E11: =IF($A11="","",COUNTIFS('My Books'!$E$5:$E$24,$A11,'My Books'!$F$5:$F$24,"<>Published",'My Books'!$B$5:$B$24,"<>")) | F11: =IF($A11="","",SUMIF('My Books'!$E$5:$E$24,$A11,'My Books'!$H$5:$H$24)) | H11: =IF($A11="","",IF(OR($C11="",$C11<=0),"⚠ Set planned count",IF(COUNTIF('My Books'!$E$5:$E$24,$A11)=0,"⚠ No books cataloged",IF(COUNTIF('My Books'!$E$5:$E$24,$A11)=$C11,"✓ All "&$C11&" planned books cataloged",IF(COUNTIF('My Books'!$E$5:$E$24,$A11)<$C11,"✓ "&COUNTIF('My Books'!$E$5:$E$24,$A11)&" of "&$C11&" cataloged ("&($C11-COUNTIF('My Books'!$E$5:$E$24,$A11))&" future)","⚠ More cataloged than planned"))))) | I11: =IF($A11="","",IF(SUMIF('My Books'!$E$5:$E$24,$A11,'My Books'!$G$5:$G$24)>0,SUMIF('My Books'!$E$5:$E$24,$A11,'My Books'!$Q$5:$Q$24)/SUMIF('My Books'!$E$5:$E$24,$A11,'My Books'!$G$5:$G$24),0))
B12: =IF($A12="","",Config!$G$5) | D12: =IF($A12="","",COUNTIFS('My Books'!$E$5:$E$24,$A12,'My Books'!$F$5:$F$24,"Published")) | E12: =IF($A12="","",COUNTIFS('My Books'!$E$5:$E$24,$A12,'My Books'!$F$5:$F$24,"<>Published",'My Books'!$B$5:$B$24,"<>")) | F12: =IF($A12="","",SUMIF('My Books'!$E$5:$E$24,$A12,'My Books'!$H$5:$H$24)) | H12: =IF($A12="","",IF(OR($C12="",$C12<=0),"⚠ Set planned count",IF(COUNTIF('My Books'!$E$5:$E$24,$A12)=0,"⚠ No books cataloged",IF(COUNTIF('My Books'!$E$5:$E$24,$A12)=$C12,"✓ All "&$C12&" planned books cataloged",IF(COUNTIF('My Books'!$E$5:$E$24,$A12)<$C12,"✓ "&COUNTIF('My Books'!$E$5:$E$24,$A12)&" of "&$C12&" cataloged ("&($C12-COUNTIF('My Books'!$E$5:$E$24,$A12))&" future)","⚠ More cataloged than planned"))))) | I12: =IF($A12="","",IF(SUMIF('My Books'!$E$5:$E$24,$A12,'My Books'!$G$5:$G$24)>0,SUMIF('My Books'!$E$5:$E$24,$A12,'My Books'!$Q$5:$Q$24)/SUMIF('My Books'!$E$5:$E$24,$A12,'My Books'!$G$5:$G$24),0))
B13: =IF($A13="","",Config!$G$5) | D13: =IF($A13="","",COUNTIFS('My Books'!$E$5:$E$24,$A13,'My Books'!$F$5:$F$24,"Published")) | E13: =IF($A13="","",COUNTIFS('My Books'!$E$5:$E$24,$A13,'My Books'!$F$5:$F$24,"<>Published",'My Books'!$B$5:$B$24,"<>")) | F13: =IF($A13="","",SUMIF('My Books'!$E$5:$E$24,$A13,'My Books'!$H$5:$H$24)) | H13: =IF($A13="","",IF(OR($C13="",$C13<=0),"⚠ Set planned count",IF(COUNTIF('My Books'!$E$5:$E$24,$A13)=0,"⚠ No books cataloged",IF(COUNTIF('My Books'!$E$5:$E$24,$A13)=$C13,"✓ All "&$C13&" planned books cataloged",IF(COUNTIF('My Books'!$E$5:$E$24,$A13)<$C13,"✓ "&COUNTIF('My Books'!$E$5:$E$24,$A13)&" of "&$C13&" cataloged ("&($C13-COUNTIF('My Books'!$E$5:$E$24,$A13))&" future)","⚠ More cataloged than planned"))))) | I13: =IF($A13="","",IF(SUMIF('My Books'!$E$5:$E$24,$A13,'My Books'!$G$5:$G$24)>0,SUMIF('My Books'!$E$5:$E$24,$A13,'My Books'!$Q$5:$Q$24)/SUMIF('My Books'!$E$5:$E$24,$A13,'My Books'!$G$5:$G$24),0))
B14: =IF($A14="","",Config!$G$5) | D14: =IF($A14="","",COUNTIFS('My Books'!$E$5:$E$24,$A14,'My Books'!$F$5:$F$24,"Published")) | E14: =IF($A14="","",COUNTIFS('My Books'!$E$5:$E$24,$A14,'My Books'!$F$5:$F$24,"<>Published",'My Books'!$B$5:$B$24,"<>")) | F14: =IF($A14="","",SUMIF('My Books'!$E$5:$E$24,$A14,'My Books'!$H$5:$H$24)) | H14: =IF($A14="","",IF(OR($C14="",$C14<=0),"⚠ Set planned count",IF(COUNTIF('My Books'!$E$5:$E$24,$A14)=0,"⚠ No books cataloged",IF(COUNTIF('My Books'!$E$5:$E$24,$A14)=$C14,"✓ All "&$C14&" planned books cataloged",IF(COUNTIF('My Books'!$E$5:$E$24,$A14)<$C14,"✓ "&COUNTIF('My Books'!$E$5:$E$24,$A14)&" of "&$C14&" cataloged ("&($C14-COUNTIF('My Books'!$E$5:$E$24,$A14))&" future)","⚠ More cataloged than planned"))))) | I14: =IF($A14="","",IF(SUMIF('My Books'!$E$5:$E$24,$A14,'My Books'!$G$5:$G$24)>0,SUMIF('My Books'!$E$5:$E$24,$A14,'My Books'!$Q$5:$Q$24)/SUMIF('My Books'!$E$5:$E$24,$A14,'My Books'!$G$5:$G$24),0))
B15: =IF($A15="","",Config!$G$5) | D15: =IF($A15="","",COUNTIFS('My Books'!$E$5:$E$24,$A15,'My Books'!$F$5:$F$24,"Published")) | E15: =IF($A15="","",COUNTIFS('My Books'!$E$5:$E$24,$A15,'My Books'!$F$5:$F$24,"<>Published",'My Books'!$B$5:$B$24,"<>")) | F15: =IF($A15="","",SUMIF('My Books'!$E$5:$E$24,$A15,'My Books'!$H$5:$H$24)) | H15: =IF($A15="","",IF(OR($C15="",$C15<=0),"⚠ Set planned count",IF(COUNTIF('My Books'!$E$5:$E$24,$A15)=0,"⚠ No books cataloged",IF(COUNTIF('My Books'!$E$5:$E$24,$A15)=$C15,"✓ All "&$C15&" planned books cataloged",IF(COUNTIF('My Books'!$E$5:$E$24,$A15)<$C15,"✓ "&COUNTIF('My Books'!$E$5:$E$24,$A15)&" of "&$C15&" cataloged ("&($C15-COUNTIF('My Books'!$E$5:$E$24,$A15))&" future)","⚠ More cataloged than planned"))))) | I15: =IF($A15="","",IF(SUMIF('My Books'!$E$5:$E$24,$A15,'My Books'!$G$5:$G$24)>0,SUMIF('My Books'!$E$5:$E$24,$A15,'My Books'!$Q$5:$Q$24)/SUMIF('My Books'!$E$5:$E$24,$A15,'My Books'!$G$5:$G$24),0))
B16: =IF($A16="","",Config!$G$5) | D16: =IF($A16="","",COUNTIFS('My Books'!$E$5:$E$24,$A16,'My Books'!$F$5:$F$24,"Published")) | E16: =IF($A16="","",COUNTIFS('My Books'!$E$5:$E$24,$A16,'My Books'!$F$5:$F$24,"<>Published",'My Books'!$B$5:$B$24,"<>")) | F16: =IF($A16="","",SUMIF('My Books'!$E$5:$E$24,$A16,'My Books'!$H$5:$H$24)) | H16: =IF($A16="","",IF(OR($C16="",$C16<=0),"⚠ Set planned count",IF(COUNTIF('My Books'!$E$5:$E$24,$A16)=0,"⚠ No books cataloged",IF(COUNTIF('My Books'!$E$5:$E$24,$A16)=$C16,"✓ All "&$C16&" planned books cataloged",IF(COUNTIF('My Books'!$E$5:$E$24,$A16)<$C16,"✓ "&COUNTIF('My Books'!$E$5:$E$24,$A16)&" of "&$C16&" cataloged ("&($C16-COUNTIF('My Books'!$E$5:$E$24,$A16))&" future)","⚠ More cataloged than planned"))))) | I16: =IF($A16="","",IF(SUMIF('My Books'!$E$5:$E$24,$A16,'My Books'!$G$5:$G$24)>0,SUMIF('My Books'!$E$5:$E$24,$A16,'My Books'!$Q$5:$Q$24)/SUMIF('My Books'!$E$5:$E$24,$A16,'My Books'!$G$5:$G$24),0))
B17: =IF($A17="","",Config!$G$5) | D17: =IF($A17="","",COUNTIFS('My Books'!$E$5:$E$24,$A17,'My Books'!$F$5:$F$24,"Published")) | E17: =IF($A17="","",COUNTIFS('My Books'!$E$5:$E$24,$A17,'My Books'!$F$5:$F$24,"<>Published",'My Books'!$B$5:$B$24,"<>")) | F17: =IF($A17="","",SUMIF('My Books'!$E$5:$E$24,$A17,'My Books'!$H$5:$H$24)) | H17: =IF($A17="","",IF(OR($C17="",$C17<=0),"⚠ Set planned count",IF(COUNTIF('My Books'!$E$5:$E$24,$A17)=0,"⚠ No books cataloged",IF(COUNTIF('My Books'!$E$5:$E$24,$A17)=$C17,"✓ All "&$C17&" planned books cataloged",IF(COUNTIF('My Books'!$E$5:$E$24,$A17)<$C17,"✓ "&COUNTIF('My Books'!$E$5:$E$24,$A17)&" of "&$C17&" cataloged ("&($C17-COUNTIF('My Books'!$E$5:$E$24,$A17))&" future)","⚠ More cataloged than planned"))))) | I17: =IF($A17="","",IF(SUMIF('My Books'!$E$5:$E$24,$A17,'My Books'!$G$5:$G$24)>0,SUMIF('My Books'!$E$5:$E$24,$A17,'My Books'!$Q$5:$Q$24)/SUMIF('My Books'!$E$5:$E$24,$A17,'My Books'!$G$5:$G$24),0))
B18: =IF($A18="","",Config!$G$5) | D18: =IF($A18="","",COUNTIFS('My Books'!$E$5:$E$24,$A18,'My Books'!$F$5:$F$24,"Published")) | E18: =IF($A18="","",COUNTIFS('My Books'!$E$5:$E$24,$A18,'My Books'!$F$5:$F$24,"<>Published",'My Books'!$B$5:$B$24,"<>")) | F18: =IF($A18="","",SUMIF('My Books'!$E$5:$E$24,$A18,'My Books'!$H$5:$H$24)) | H18: =IF($A18="","",IF(OR($C18="",$C18<=0),"⚠ Set planned count",IF(COUNTIF('My Books'!$E$5:$E$24,$A18)=0,"⚠ No books cataloged",IF(COUNTIF('My Books'!$E$5:$E$24,$A18)=$C18,"✓ All "&$C18&" planned books cataloged",IF(COUNTIF('My Books'!$E$5:$E$24,$A18)<$C18,"✓ "&COUNTIF('My Books'!$E$5:$E$24,$A18)&" of "&$C18&" cataloged ("&($C18-COUNTIF('My Books'!$E$5:$E$24,$A18))&" future)","⚠ More cataloged than planned"))))) | I18: =IF($A18="","",IF(SUMIF('My Books'!$E$5:$E$24,$A18,'My Books'!$G$5:$G$24)>0,SUMIF('My Books'!$E$5:$E$24,$A18,'My Books'!$Q$5:$Q$24)/SUMIF('My Books'!$E$5:$E$24,$A18,'My Books'!$G$5:$G$24),0))
B19: =IF($A19="","",Config!$G$5) | D19: =IF($A19="","",COUNTIFS('My Books'!$E$5:$E$24,$A19,'My Books'!$F$5:$F$24,"Published")) | E19: =IF($A19="","",COUNTIFS('My Books'!$E$5:$E$24,$A19,'My Books'!$F$5:$F$24,"<>Published",'My Books'!$B$5:$B$24,"<>")) | F19: =IF($A19="","",SUMIF('My Books'!$E$5:$E$24,$A19,'My Books'!$H$5:$H$24)) | H19: =IF($A19="","",IF(OR($C19="",$C19<=0),"⚠ Set planned count",IF(COUNTIF('My Books'!$E$5:$E$24,$A19)=0,"⚠ No books cataloged",IF(COUNTIF('My Books'!$E$5:$E$24,$A19)=$C19,"✓ All "&$C19&" planned books cataloged",IF(COUNTIF('My Books'!$E$5:$E$24,$A19)<$C19,"✓ "&COUNTIF('My Books'!$E$5:$E$24,$A19)&" of "&$C19&" cataloged ("&($C19-COUNTIF('My Books'!$E$5:$E$24,$A19))&" future)","⚠ More cataloged than planned"))))) | I19: =IF($A19="","",IF(SUMIF('My Books'!$E$5:$E$24,$A19,'My Books'!$G$5:$G$24)>0,SUMIF('My Books'!$E$5:$E$24,$A19,'My Books'!$Q$5:$Q$24)/SUMIF('My Books'!$E$5:$E$24,$A19,'My Books'!$G$5:$G$24),0))
B20: =IF($A20="","",Config!$G$5) | D20: =IF($A20="","",COUNTIFS('My Books'!$E$5:$E$24,$A20,'My Books'!$F$5:$F$24,"Published")) | E20: =IF($A20="","",COUNTIFS('My Books'!$E$5:$E$24,$A20,'My Books'!$F$5:$F$24,"<>Published",'My Books'!$B$5:$B$24,"<>")) | F20: =IF($A20="","",SUMIF('My Books'!$E$5:$E$24,$A20,'My Books'!$H$5:$H$24)) | H20: =IF($A20="","",IF(OR($C20="",$C20<=0),"⚠ Set planned count",IF(COUNTIF('My Books'!$E$5:$E$24,$A20)=0,"⚠ No books cataloged",IF(COUNTIF('My Books'!$E$5:$E$24,$A20)=$C20,"✓ All "&$C20&" planned books cataloged",IF(COUNTIF('My Books'!$E$5:$E$24,$A20)<$C20,"✓ "&COUNTIF('My Books'!$E$5:$E$24,$A20)&" of "&$C20&" cataloged ("&($C20-COUNTIF('My Books'!$E$5:$E$24,$A20))&" future)","⚠ More cataloged than planned"))))) | I20: =IF($A20="","",IF(SUMIF('My Books'!$E$5:$E$24,$A20,'My Books'!$G$5:$G$24)>0,SUMIF('My Books'!$E$5:$E$24,$A20,'My Books'!$Q$5:$Q$24)/SUMIF('My Books'!$E$5:$E$24,$A20,'My Books'!$G$5:$G$24),0))
B21: =IF($A21="","",Config!$G$5) | D21: =IF($A21="","",COUNTIFS('My Books'!$E$5:$E$24,$A21,'My Books'!$F$5:$F$24,"Published")) | E21: =IF($A21="","",COUNTIFS('My Books'!$E$5:$E$24,$A21,'My Books'!$F$5:$F$24,"<>Published",'My Books'!$B$5:$B$24,"<>")) | F21: =IF($A21="","",SUMIF('My Books'!$E$5:$E$24,$A21,'My Books'!$H$5:$H$24)) | H21: =IF($A21="","",IF(OR($C21="",$C21<=0),"⚠ Set planned count",IF(COUNTIF('My Books'!$E$5:$E$24,$A21)=0,"⚠ No books cataloged",IF(COUNTIF('My Books'!$E$5:$E$24,$A21)=$C21,"✓ All "&$C21&" planned books cataloged",IF(COUNTIF('My Books'!$E$5:$E$24,$A21)<$C21,"✓ "&COUNTIF('My Books'!$E$5:$E$24,$A21)&" of "&$C21&" cataloged ("&($C21-COUNTIF('My Books'!$E$5:$E$24,$A21))&" future)","⚠ More cataloged than planned"))))) | I21: =IF($A21="","",IF(SUMIF('My Books'!$E$5:$E$24,$A21,'My Books'!$G$5:$G$24)>0,SUMIF('My Books'!$E$5:$E$24,$A21,'My Books'!$Q$5:$Q$24)/SUMIF('My Books'!$E$5:$E$24,$A21,'My Books'!$G$5:$G$24),0))
B22: =IF($A22="","",Config!$G$5) | D22: =IF($A22="","",COUNTIFS('My Books'!$E$5:$E$24,$A22,'My Books'!$F$5:$F$24,"Published")) | E22: =IF($A22="","",COUNTIFS('My Books'!$E$5:$E$24,$A22,'My Books'!$F$5:$F$24,"<>Published",'My Books'!$B$5:$B$24,"<>")) | F22: =IF($A22="","",SUMIF('My Books'!$E$5:$E$24,$A22,'My Books'!$H$5:$H$24)) | H22: =IF($A22="","",IF(OR($C22="",$C22<=0),"⚠ Set planned count",IF(COUNTIF('My Books'!$E$5:$E$24,$A22)=0,"⚠ No books cataloged",IF(COUNTIF('My Books'!$E$5:$E$24,$A22)=$C22,"✓ All "&$C22&" planned books cataloged",IF(COUNTIF('My Books'!$E$5:$E$24,$A22)<$C22,"✓ "&COUNTIF('My Books'!$E$5:$E$24,$A22)&" of "&$C22&" cataloged ("&($C22-COUNTIF('My Books'!$E$5:$E$24,$A22))&" future)","⚠ More cataloged than planned"))))) | I22: =IF($A22="","",IF(SUMIF('My Books'!$E$5:$E$24,$A22,'My Books'!$G$5:$G$24)>0,SUMIF('My Books'!$E$5:$E$24,$A22,'My Books'!$Q$5:$Q$24)/SUMIF('My Books'!$E$5:$E$24,$A22,'My Books'!$G$5:$G$24),0))
... B24: =IF($A24="","",Config!$G$5) | D24: =IF($A24="","",COUNTIFS('My Books'!$E$5:$E$24,$A24,'My Books'!$F$5:$F$24,"Published")) | E24: =IF($A24="","",COUNTIFS('My Books'!$E$5:$E$24,$A24,'My Books'!$F$5:$F$24,"<>Published",'My Books'!$B$5:$B$24,"<>")) | F24: =IF($A24="","",SUMIF('My Books'!$E$5:$E$24,$A24,'My Books'!$H$5:$H$24)) | H24: =IF($A24="","",IF(OR($C24="",$C24<=0),"⚠ Set planned count",IF(COUNTIF('My Books'!$E$5:$E$24,$A24)=0,"⚠ No books cataloged",IF(COUNTIF('My Books'!$E$5:$E$24,$A24)=$C24,"✓ All "&$C24&" planned books cataloged",IF(COUNTIF('My Books'!$E$5:$E$24,$A24)<$C24,"✓ "&COUNTIF('My Books'!$E$5:$E$24,$A24)&" of "&$C24&" cataloged ("&($C24-COUNTIF('My Books'!$E$5:$E$24,$A24))&" future)","⚠ More cataloged than planned"))))) | I24: =IF($A24="","",IF(SUMIF('My Books'!$E$5:$E$24,$A24,'My Books'!$G$5:$G$24)>0,SUMIF('My Books'!$E$5:$E$24,$A24,'My Books'!$Q$5:$Q$24)/SUMIF('My Books'!$E$5:$E$24,$A24,'My Books'!$G$5:$G$24),0))
A25: Total Canon Portfolio | C25: =SUM(C5:C24) -> 24 | D25: =SUM(D5:D24) -> 0 | E25: =SUM(E5:E24) -> 6 | F25: =SUM(F5:F24) -> 7450 | H25: =IF(COUNTIF(H5:H24,"⚠*")=0,"✓ All Series Aligned ("&E25&" of "&C25&" Cataloged)","⚠ Check Mismatches") -> ✓ All Series Aligned (6 of 24 Cataloged) | I25: =IF(COUNT(I5:I24)>0,AVERAGE(I5:I24),0) -> 0.0079166667
A27: 📊 SERIES CANON ARCHITECTURE & WORD VOLUME ANALYTICS (AUTO-UPDATES AS SERIES & BOOKS ARE ADDED)

Sheet My Books
A1: 📖 MY BOOKS • MULTI-YEAR PROJECT PIPELINE
A2: Total Work Words includes worldbuilding, outlining, first-draft and revision output. Draft target progress, required pace, status and forecast use First Draft Words only; revision words are not counted a second time. Check final manuscript length in the manuscript file.
A4: Year | B4: Book Title | C4: Type | D4: Universe | E4: Series | F4: Current Stage | G4: Draft Target Words | H4: Total Work Words | I4: Draft Progress % | J4: Draft Progress Bar | K4: Start Date | L4: Deadline | M4: Days Left | N4: Required Draft Words/Day | O4: Recent Draft Speed (30D) | P4: Forecasted Draft Target | Q4: Draft Words | R4: Status
A5: 2027 | B5: Prisoner of Sand Sea | C5: Novel | D5: =IF(B5="","",IF(E5="","Standalone",IFERROR(INDEX('Universes & Series'!$B$5:$B$24,MATCH(E5,'Universes & Series'!$A$5:$A$24,0)),"Unknown Series"))) -> Reliquary | E5: Sand Sea Saga | F5: Concept | G5: 200000 | H5: =IF(B5="","",SUMIFS('Daily Writing Log'!$H$5:$H$34,'Daily Writing Log'!$B$5:$B$34,B5)) -> 0 | I5: =IF(B5="","",IF(G5>0,MIN(1,Q5/G5),0)) -> 0 | J5: =IF(B5="","",REPT("█",ROUND(I5*20,0))&REPT("-",20-ROUND(I5*20,0))) -> -------------------- | K5: 46388 | L5: 46569 | M5: =IF($B5="","",IF($L5="","",MAX(0,$L5-Config!$A$2))) -> 257 | N5: =IF($B5="","",IF(OR($G5<=0,$Q5>=$G5),0,IF(OR($L5="",NOT(ISNUMBER($L5))),0,ROUNDUP(MAX(0,$G5-$Q5)/MAX(1,$L5-MAX(Config!$A$2,N($K5))),0)))) -> 1105 | O5: =IF($B5="","",ROUND(SUMIFS('Daily Writing Log'!$F$5:$F$34,'Daily Writing Log'!$B$5:$B$34,$B5,'Daily Writing Log'!$A$5:$A$34,">="&(Config!$A$2-29),'Daily Writing Log'!$A$5:$A$34,"<="&Config!$A$2)/30,0)) -> 0 | P5: =IF($B5="","",IF($G5<=0,"Add target",IF($Q5>=$G5,"Completed",IF($O5>0,Config!$A$2+ROUNDUP(MAX(0,$G5-$Q5)/$O5,0),"No recent pace")))) -> No recent pace | Q5: =IF(B5="","",SUMIFS('Daily Writing Log'!$F$5:$F$34,'Daily Writing Log'!$B$5:$B$34,B5)) -> 0 | R5: =IF(B5="","",IF(F5="Published","✅ Published",IF(I5>=1,"🎉 Draft Complete",IF(M5<0,"🔴 Overdue",IF(Q5>0,"🟢 In Progress",IF(H5>0,"🔵 Outlining / Lore","⚪ Not Started")))))) -> ⚪ Not Started
A6: 2027 | B6: Gothic Fantasy 1 | C6: Novel | D6: =IF(B6="","",IF(E6="","Standalone",IFERROR(INDEX('Universes & Series'!$B$5:$B$24,MATCH(E6,'Universes & Series'!$A$5:$A$24,0)),"Unknown Series"))) -> Reliquary | E6: Gothic Fantasy Series | F6: Concept | G6: 150000 | H6: =IF(B6="","",SUMIFS('Daily Writing Log'!$H$5:$H$34,'Daily Writing Log'!$B$5:$B$34,B6)) -> 0 | I6: =IF(B6="","",IF(G6>0,MIN(1,Q6/G6),0)) -> 0 | J6: =IF(B6="","",REPT("█",ROUND(I6*20,0))&REPT("-",20-ROUND(I6*20,0))) -> -------------------- | K6: 46569 | L6: 46753 | M6: =IF($B6="","",IF($L6="","",MAX(0,$L6-Config!$A$2))) -> 441 | N6: =IF($B6="","",IF(OR($G6<=0,$Q6>=$G6),0,IF(OR($L6="",NOT(ISNUMBER($L6))),0,ROUNDUP(MAX(0,$G6-$Q6)/MAX(1,$L6-MAX(Config!$A$2,N($K6))),0)))) -> 816 | O6: =IF($B6="","",ROUND(SUMIFS('Daily Writing Log'!$F$5:$F$34,'Daily Writing Log'!$B$5:$B$34,$B6,'Daily Writing Log'!$A$5:$A$34,">="&(Config!$A$2-29),'Daily Writing Log'!$A$5:$A$34,"<="&Config!$A$2)/30,0)) -> 0 | P6: =IF($B6="","",IF($G6<=0,"Add target",IF($Q6>=$G6,"Completed",IF($O6>0,Config!$A$2+ROUNDUP(MAX(0,$G6-$Q6)/$O6,0),"No recent pace")))) -> No recent pace | Q6: =IF(B6="","",SUMIFS('Daily Writing Log'!$F$5:$F$34,'Daily Writing Log'!$B$5:$B$34,B6)) -> 0 | R6: =IF(B6="","",IF(F6="Published","✅ Published",IF(I6>=1,"🎉 Draft Complete",IF(M6<0,"🔴 Overdue",IF(Q6>0,"🟢 In Progress",IF(H6>0,"🔵 Outlining / Lore","⚪ Not Started")))))) -> ⚪ Not Started
A7: 2028 | B7: Quest Fantasy 1 | C7: Novel | D7: =IF(B7="","",IF(E7="","Standalone",IFERROR(INDEX('Universes & Series'!$B$5:$B$24,MATCH(E7,'Universes & Series'!$A$5:$A$24,0)),"Unknown Series"))) -> Reliquary | E7: Classic Quest Fantasy | F7: Concept | G7: 200000 | H7: =IF(B7="","",SUMIFS('Daily Writing Log'!$H$5:$H$34,'Daily Writing Log'!$B$5:$B$34,B7)) -> 0 | I7: =IF(B7="","",IF(G7>0,MIN(1,Q7/G7),0)) -> 0 | J7: =IF(B7="","",REPT("█",ROUND(I7*20,0))&REPT("-",20-ROUND(I7*20,0))) -> -------------------- | K7: 46753 | L7: 46874 | M7: =IF($B7="","",IF($L7="","",MAX(0,$L7-Config!$A$2))) -> 562 | N7: =IF($B7="","",IF(OR($G7<=0,$Q7>=$G7),0,IF(OR($L7="",NOT(ISNUMBER($L7))),0,ROUNDUP(MAX(0,$G7-$Q7)/MAX(1,$L7-MAX(Config!$A$2,N($K7))),0)))) -> 1653 | O7: =IF($B7="","",ROUND(SUMIFS('Daily Writing Log'!$F$5:$F$34,'Daily Writing Log'!$B$5:$B$34,$B7,'Daily Writing Log'!$A$5:$A$34,">="&(Config!$A$2-29),'Daily Writing Log'!$A$5:$A$34,"<="&Config!$A$2)/30,0)) -> 0 | P7: =IF($B7="","",IF($G7<=0,"Add target",IF($Q7>=$G7,"Completed",IF($O7>0,Config!$A$2+ROUNDUP(MAX(0,$G7-$Q7)/$O7,0),"No recent pace")))) -> No recent pace | Q7: =IF(B7="","",SUMIFS('Daily Writing Log'!$F$5:$F$34,'Daily Writing Log'!$B$5:$B$34,B7)) -> 0 | R7: =IF(B7="","",IF(F7="Published","✅ Published",IF(I7>=1,"🎉 Draft Complete",IF(M7<0,"🔴 Overdue",IF(Q7>0,"🟢 In Progress",IF(H7>0,"🔵 Outlining / Lore","⚪ Not Started")))))) -> ⚪ Not Started
A8: 2028 | B8: Ruler of Sand Sea | C8: Novel | D8: =IF(B8="","",IF(E8="","Standalone",IFERROR(INDEX('Universes & Series'!$B$5:$B$24,MATCH(E8,'Universes & Series'!$A$5:$A$24,0)),"Unknown Series"))) -> Reliquary | E8: Sand Sea Saga | F8: Concept | G8: 200000 | H8: =IF(B8="","",SUMIFS('Daily Writing Log'!$H$5:$H$34,'Daily Writing Log'!$B$5:$B$34,B8)) -> 0 | I8: =IF(B8="","",IF(G8>0,MIN(1,Q8/G8),0)) -> 0 | J8: =IF(B8="","",REPT("█",ROUND(I8*20,0))&REPT("-",20-ROUND(I8*20,0))) -> -------------------- | K8: 46874 | L8: 46997 | M8: =IF($B8="","",IF($L8="","",MAX(0,$L8-Config!$A$2))) -> 685 | N8: =IF($B8="","",IF(OR($G8<=0,$Q8>=$G8),0,IF(OR($L8="",NOT(ISNUMBER($L8))),0,ROUNDUP(MAX(0,$G8-$Q8)/MAX(1,$L8-MAX(Config!$A$2,N($K8))),0)))) -> 1627 | O8: =IF($B8="","",ROUND(SUMIFS('Daily Writing Log'!$F$5:$F$34,'Daily Writing Log'!$B$5:$B$34,$B8,'Daily Writing Log'!$A$5:$A$34,">="&(Config!$A$2-29),'Daily Writing Log'!$A$5:$A$34,"<="&Config!$A$2)/30,0)) -> 0 | P8: =IF($B8="","",IF($G8<=0,"Add target",IF($Q8>=$G8,"Completed",IF($O8>0,Config!$A$2+ROUNDUP(MAX(0,$G8-$Q8)/$O8,0),"No recent pace")))) -> No recent pace | Q8: =IF(B8="","",SUMIFS('Daily Writing Log'!$F$5:$F$34,'Daily Writing Log'!$B$5:$B$34,B8)) -> 0 | R8: =IF(B8="","",IF(F8="Published","✅ Published",IF(I8>=1,"🎉 Draft Complete",IF(M8<0,"🔴 Overdue",IF(Q8>0,"🟢 In Progress",IF(H8>0,"🔵 Outlining / Lore","⚪ Not Started")))))) -> ⚪ Not Started
A9: 2028 | B9: Company of the Storm | C9: Novel | D9: =IF(B9="","",IF(E9="","Standalone",IFERROR(INDEX('Universes & Series'!$B$5:$B$24,MATCH(E9,'Universes & Series'!$A$5:$A$24,0)),"Unknown Series"))) -> Reliquary | E9: Stormbreaker Chronicles | F9: Concept | G9: 150000 | H9: =IF(B9="","",SUMIFS('Daily Writing Log'!$H$5:$H$34,'Daily Writing Log'!$B$5:$B$34,B9)) -> 0 | I9: =IF(B9="","",IF(G9>0,MIN(1,Q9/G9),0)) -> 0 | J9: =IF(B9="","",REPT("█",ROUND(I9*20,0))&REPT("-",20-ROUND(I9*20,0))) -> -------------------- | K9: 46997 | L9: 47119 | M9: =IF($B9="","",IF($L9="","",MAX(0,$L9-Config!$A$2))) -> 807 | N9: =IF($B9="","",IF(OR($G9<=0,$Q9>=$G9),0,IF(OR($L9="",NOT(ISNUMBER($L9))),0,ROUNDUP(MAX(0,$G9-$Q9)/MAX(1,$L9-MAX(Config!$A$2,N($K9))),0)))) -> 1230 | O9: =IF($B9="","",ROUND(SUMIFS('Daily Writing Log'!$F$5:$F$34,'Daily Writing Log'!$B$5:$B$34,$B9,'Daily Writing Log'!$A$5:$A$34,">="&(Config!$A$2-29),'Daily Writing Log'!$A$5:$A$34,"<="&Config!$A$2)/30,0)) -> 0 | P9: =IF($B9="","",IF($G9<=0,"Add target",IF($Q9>=$G9,"Completed",IF($O9>0,Config!$A$2+ROUNDUP(MAX(0,$G9-$Q9)/$O9,0),"No recent pace")))) -> No recent pace | Q9: =IF(B9="","",SUMIFS('Daily Writing Log'!$F$5:$F$34,'Daily Writing Log'!$B$5:$B$34,B9)) -> 0 | R9: =IF(B9="","",IF(F9="Published","✅ Published",IF(I9>=1,"🎉 Draft Complete",IF(M9<0,"🔴 Overdue",IF(Q9>0,"🟢 In Progress",IF(H9>0,"🔵 Outlining / Lore","⚪ Not Started")))))) -> ⚪ Not Started
A10: 2026 | B10: The Silver Chronicles | C10: Novel | D10: =IF(B10="","",IF(E10="","Standalone",IFERROR(INDEX('Universes & Series'!$B$5:$B$24,MATCH(E10,'Universes & Series'!$A$5:$A$24,0)),"Unknown Series"))) -> Eldoria-Cosmos | E10: The Silver Chronicles | F10: Drafting | G10: 120000 | H10: =IF(B10="","",SUMIFS('Daily Writing Log'!$H$5:$H$34,'Daily Writing Log'!$B$5:$B$34,B10)) -> 7450 | I10: =IF(B10="","",IF(G10>0,MIN(1,Q10/G10),0)) -> 0.0475 | J10: =IF(B10="","",REPT("█",ROUND(I10*20,0))&REPT("-",20-ROUND(I10*20,0))) -> █------------------- | K10: 2026-10-01 | L10: 2027-06-01 | M10: =IF($B10="","",IF($L10="","",MAX(0,$L10-Config!$A$2))) -> 227 | N10: =IF($B10="","",IF(OR($G10<=0,$Q10>=$G10),0,IF(OR($L10="",NOT(ISNUMBER($L10))),0,ROUNDUP(MAX(0,$G10-$Q10)/MAX(1,$L10-MAX(Config!$A$2,N($K10))),0)))) -> 0 | O10: =IF($B10="","",ROUND(SUMIFS('Daily Writing Log'!$F$5:$F$34,'Daily Writing Log'!$B$5:$B$34,$B10,'Daily Writing Log'!$A$5:$A$34,">="&(Config!$A$2-29),'Daily Writing Log'!$A$5:$A$34,"<="&Config!$A$2)/30,0)) -> 0 | P10: =IF($B10="","",IF($G10<=0,"Add target",IF($Q10>=$G10,"Completed",IF($O10>0,Config!$A$2+ROUNDUP(MAX(0,$G10-$Q10)/$O10,0),"No recent pace")))) -> No recent pace | Q10: =IF(B10="","",SUMIFS('Daily Writing Log'!$F$5:$F$34,'Daily Writing Log'!$B$5:$B$34,B10)) -> 5700 | R10: =IF(B10="","",IF(F10="Published","✅ Published",IF(I10>=1,"🎉 Draft Complete",IF(M10<0,"🔴 Overdue",IF(Q10>0,"🟢 In Progress",IF(H10>0,"🔵 Outlining / Lore","⚪ Not Started")))))) -> 🟢 In Progress
A11: =IF($B11="","",IF(ISNUMBER($K11),YEAR($K11),IF(ISNUMBER($L11),YEAR($L11),YEAR(Config!$A$2)))) | C11: =IF($B11="","",Config!$E$5) | D11: =IF($B11="","",IF($E11="","Standalone",IF(COUNTIF('Universes & Series'!$A$5:$A$24,$E11)>0,INDEX('Universes & Series'!$B$5:$B$24,MATCH($E11,'Universes & Series'!$A$5:$A$24,0)),Config!$G$5))) | F11: =IF($B11="","",Config!$F$5) | H11: =IF($B11="","",SUMIFS('Daily Writing Log'!$H$5:$H$34,'Daily Writing Log'!$B$5:$B$34,$B11)) | I11: =IF($B11="","",IF($G11>0,MIN(1,MAX(0,$Q11/$G11)),0)) | J11: =IF($B11="","",REPT("#",IF($I11>0,MAX(1,ROUNDUP(MIN(1,MAX(0,$I11))*20,0)),0))&REPT("-",20-IF($I11>0,MAX(1,ROUNDUP(MIN(1,MAX(0,$I11))*20,0)),0))) | M11: =IF($B11="","",IF($L11="","",MAX(0,$L11-Config!$A$2))) | N11: =IF($B11="","",IF(OR($G11<=0,$Q11>=$G11),0,IF(OR($L11="",NOT(ISNUMBER($L11))),0,ROUNDUP(MAX(0,$G11-$Q11)/MAX(1,$L11-MAX(Config!$A$2,N($K11))),0)))) | O11: =IF($B11="","",ROUND(SUMIFS('Daily Writing Log'!$F$5:$F$34,'Daily Writing Log'!$B$5:$B$34,$B11,'Daily Writing Log'!$A$5:$A$34,">="&(Config!$A$2-29),'Daily Writing Log'!$A$5:$A$34,"<="&Config!$A$2)/30,0)) | P11: =IF($B11="","",IF($G11<=0,"Add target",IF($Q11>=$G11,"Completed",IF($O11>0,Config!$A$2+ROUNDUP(MAX(0,$G11-$Q11)/$O11,0),"No recent pace")))) | Q11: =IF($B11="","",SUMIFS('Daily Writing Log'!$F$5:$F$34,'Daily Writing Log'!$B$5:$B$34,$B11)) | R11: =IF($B11="","",IF($F11="Published","🎉 Published",IF($G11<=0,"⚪ Set target",IF($Q11>=$G11,"✅ Draft Target Met",IF(AND(ISNUMBER($K11),$K11>Config!$A$2),"⚪ Not Started",IF($F11="Concept","🔵 In Concept",IF(ISBLANK($L11),"In Progress",IF(Config!$A$2>$L11,"🔴 Overdue",IF($O11>=$N11,"🟢 On Track",IF($O11>=$N11*0.6,"🟡 Needs Focus","🔴 Behind Schedule"))))))))))
A12: =IF($B12="","",IF(ISNUMBER($K12),YEAR($K12),IF(ISNUMBER($L12),YEAR($L12),YEAR(Config!$A$2)))) | C12: =IF($B12="","",Config!$E$5) | D12: =IF($B12="","",IF($E12="","Standalone",IF(COUNTIF('Universes & Series'!$A$5:$A$24,$E12)>0,INDEX('Universes & Series'!$B$5:$B$24,MATCH($E12,'Universes & Series'!$A$5:$A$24,0)),Config!$G$5))) | F12: =IF($B12="","",Config!$F$5) | H12: =IF($B12="","",SUMIFS('Daily Writing Log'!$H$5:$H$34,'Daily Writing Log'!$B$5:$B$34,$B12)) | I12: =IF($B12="","",IF($G12>0,MIN(1,MAX(0,$Q12/$G12)),0)) | J12: =IF($B12="","",REPT("#",IF($I12>0,MAX(1,ROUNDUP(MIN(1,MAX(0,$I12))*20,0)),0))&REPT("-",20-IF($I12>0,MAX(1,ROUNDUP(MIN(1,MAX(0,$I12))*20,0)),0))) | M12: =IF($B12="","",IF($L12="","",MAX(0,$L12-Config!$A$2))) | N12: =IF($B12="","",IF(OR($G12<=0,$Q12>=$G12),0,IF(OR($L12="",NOT(ISNUMBER($L12))),0,ROUNDUP(MAX(0,$G12-$Q12)/MAX(1,$L12-MAX(Config!$A$2,N($K12))),0)))) | O12: =IF($B12="","",ROUND(SUMIFS('Daily Writing Log'!$F$5:$F$34,'Daily Writing Log'!$B$5:$B$34,$B12,'Daily Writing Log'!$A$5:$A$34,">="&(Config!$A$2-29),'Daily Writing Log'!$A$5:$A$34,"<="&Config!$A$2)/30,0)) | P12: =IF($B12="","",IF($G12<=0,"Add target",IF($Q12>=$G12,"Completed",IF($O12>0,Config!$A$2+ROUNDUP(MAX(0,$G12-$Q12)/$O12,0),"No recent pace")))) | Q12: =IF($B12="","",SUMIFS('Daily Writing Log'!$F$5:$F$34,'Daily Writing Log'!$B$5:$B$34,$B12)) | R12: =IF($B12="","",IF($F12="Published","🎉 Published",IF($G12<=0,"⚪ Set target",IF($Q12>=$G12,"✅ Draft Target Met",IF(AND(ISNUMBER($K12),$K12>Config!$A$2),"⚪ Not Started",IF($F12="Concept","🔵 In Concept",IF(ISBLANK($L12),"In Progress",IF(Config!$A$2>$L12,"🔴 Overdue",IF($O12>=$N12,"🟢 On Track",IF($O12>=$N12*0.6,"🟡 Needs Focus","🔴 Behind Schedule"))))))))))
A13: =IF($B13="","",IF(ISNUMBER($K13),YEAR($K13),IF(ISNUMBER($L13),YEAR($L13),YEAR(Config!$A$2)))) | C13: =IF($B13="","",Config!$E$5) | D13: =IF($B13="","",IF($E13="","Standalone",IF(COUNTIF('Universes & Series'!$A$5:$A$24,$E13)>0,INDEX('Universes & Series'!$B$5:$B$24,MATCH($E13,'Universes & Series'!$A$5:$A$24,0)),Config!$G$5))) | F13: =IF($B13="","",Config!$F$5) | H13: =IF($B13="","",SUMIFS('Daily Writing Log'!$H$5:$H$34,'Daily Writing Log'!$B$5:$B$34,$B13)) | I13: =IF($B13="","",IF($G13>0,MIN(1,MAX(0,$Q13/$G13)),0)) | J13: =IF($B13="","",REPT("#",IF($I13>0,MAX(1,ROUNDUP(MIN(1,MAX(0,$I13))*20,0)),0))&REPT("-",20-IF($I13>0,MAX(1,ROUNDUP(MIN(1,MAX(0,$I13))*20,0)),0))) | M13: =IF($B13="","",IF($L13="","",MAX(0,$L13-Config!$A$2))) | N13: =IF($B13="","",IF(OR($G13<=0,$Q13>=$G13),0,IF(OR($L13="",NOT(ISNUMBER($L13))),0,ROUNDUP(MAX(0,$G13-$Q13)/MAX(1,$L13-MAX(Config!$A$2,N($K13))),0)))) | O13: =IF($B13="","",ROUND(SUMIFS('Daily Writing Log'!$F$5:$F$34,'Daily Writing Log'!$B$5:$B$34,$B13,'Daily Writing Log'!$A$5:$A$34,">="&(Config!$A$2-29),'Daily Writing Log'!$A$5:$A$34,"<="&Config!$A$2)/30,0)) | P13: =IF($B13="","",IF($G13<=0,"Add target",IF($Q13>=$G13,"Completed",IF($O13>0,Config!$A$2+ROUNDUP(MAX(0,$G13-$Q13)/$O13,0),"No recent pace")))) | Q13: =IF($B13="","",SUMIFS('Daily Writing Log'!$F$5:$F$34,'Daily Writing Log'!$B$5:$B$34,$B13)) | R13: =IF($B13="","",IF($F13="Published","🎉 Published",IF($G13<=0,"⚪ Set target",IF($Q13>=$G13,"✅ Draft Target Met",IF(AND(ISNUMBER($K13),$K13>Config!$A$2),"⚪ Not Started",IF($F13="Concept","🔵 In Concept",IF(ISBLANK($L13),"In Progress",IF(Config!$A$2>$L13,"🔴 Overdue",IF($O13>=$N13,"🟢 On Track",IF($O13>=$N13*0.6,"🟡 Needs Focus","🔴 Behind Schedule"))))))))))
A14: =IF($B14="","",IF(ISNUMBER($K14),YEAR($K14),IF(ISNUMBER($L14),YEAR($L14),YEAR(Config!$A$2)))) | C14: =IF($B14="","",Config!$E$5) | D14: =IF($B14="","",IF($E14="","Standalone",IF(COUNTIF('Universes & Series'!$A$5:$A$24,$E14)>0,INDEX('Universes & Series'!$B$5:$B$24,MATCH($E14,'Universes & Series'!$A$5:$A$24,0)),Config!$G$5))) | F14: =IF($B14="","",Config!$F$5) | H14: =IF($B14="","",SUMIFS('Daily Writing Log'!$H$5:$H$34,'Daily Writing Log'!$B$5:$B$34,$B14)) | I14: =IF($B14="","",IF($G14>0,MIN(1,MAX(0,$Q14/$G14)),0)) | J14: =IF($B14="","",REPT("#",IF($I14>0,MAX(1,ROUNDUP(MIN(1,MAX(0,$I14))*20,0)),0))&REPT("-",20-IF($I14>0,MAX(1,ROUNDUP(MIN(1,MAX(0,$I14))*20,0)),0))) | M14: =IF($B14="","",IF($L14="","",MAX(0,$L14-Config!$A$2))) | N14: =IF($B14="","",IF(OR($G14<=0,$Q14>=$G14),0,IF(OR($L14="",NOT(ISNUMBER($L14))),0,ROUNDUP(MAX(0,$G14-$Q14)/MAX(1,$L14-MAX(Config!$A$2,N($K14))),0)))) | O14: =IF($B14="","",ROUND(SUMIFS('Daily Writing Log'!$F$5:$F$34,'Daily Writing Log'!$B$5:$B$34,$B14,'Daily Writing Log'!$A$5:$A$34,">="&(Config!$A$2-29),'Daily Writing Log'!$A$5:$A$34,"<="&Config!$A$2)/30,0)) | P14: =IF($B14="","",IF($G14<=0,"Add target",IF($Q14>=$G14,"Completed",IF($O14>0,Config!$A$2+ROUNDUP(MAX(0,$G14-$Q14)/$O14,0),"No recent pace")))) | Q14: =IF($B14="","",SUMIFS('Daily Writing Log'!$F$5:$F$34,'Daily Writing Log'!$B$5:$B$34,$B14)) | R14: =IF($B14="","",IF($F14="Published","🎉 Published",IF($G14<=0,"⚪ Set target",IF($Q14>=$G14,"✅ Draft Target Met",IF(AND(ISNUMBER($K14),$K14>Config!$A$2),"⚪ Not Started",IF($F14="Concept","🔵 In Concept",IF(ISBLANK($L14),"In Progress",IF(Config!$A$2>$L14,"🔴 Overdue",IF($O14>=$N14,"🟢 On Track",IF($O14>=$N14*0.6,"🟡 Needs Focus","🔴 Behind Schedule"))))))))))
A15: =IF($B15="","",IF(ISNUMBER($K15),YEAR($K15),IF(ISNUMBER($L15),YEAR($L15),YEAR(Config!$A$2)))) | C15: =IF($B15="","",Config!$E$5) | D15: =IF($B15="","",IF($E15="","Standalone",IF(COUNTIF('Universes & Series'!$A$5:$A$24,$E15)>0,INDEX('Universes & Series'!$B$5:$B$24,MATCH($E15,'Universes & Series'!$A$5:$A$24,0)),Config!$G$5))) | F15: =IF($B15="","",Config!$F$5) | H15: =IF($B15="","",SUMIFS('Daily Writing Log'!$H$5:$H$34,'Daily Writing Log'!$B$5:$B$34,$B15)) | I15: =IF($B15="","",IF($G15>0,MIN(1,MAX(0,$Q15/$G15)),0)) | J15: =IF($B15="","",REPT("#",IF($I15>0,MAX(1,ROUNDUP(MIN(1,MAX(0,$I15))*20,0)),0))&REPT("-",20-IF($I15>0,MAX(1,ROUNDUP(MIN(1,MAX(0,$I15))*20,0)),0))) | M15: =IF($B15="","",IF($L15="","",MAX(0,$L15-Config!$A$2))) | N15: =IF($B15="","",IF(OR($G15<=0,$Q15>=$G15),0,IF(OR($L15="",NOT(ISNUMBER($L15))),0,ROUNDUP(MAX(0,$G15-$Q15)/MAX(1,$L15-MAX(Config!$A$2,N($K15))),0)))) | O15: =IF($B15="","",ROUND(SUMIFS('Daily Writing Log'!$F$5:$F$34,'Daily Writing Log'!$B$5:$B$34,$B15,'Daily Writing Log'!$A$5:$A$34,">="&(Config!$A$2-29),'Daily Writing Log'!$A$5:$A$34,"<="&Config!$A$2)/30,0)) | P15: =IF($B15="","",IF($G15<=0,"Add target",IF($Q15>=$G15,"Completed",IF($O15>0,Config!$A$2+ROUNDUP(MAX(0,$G15-$Q15)/$O15,0),"No recent pace")))) | Q15: =IF($B15="","",SUMIFS('Daily Writing Log'!$F$5:$F$34,'Daily Writing Log'!$B$5:$B$34,$B15)) | R15: =IF($B15="","",IF($F15="Published","🎉 Published",IF($G15<=0,"⚪ Set target",IF($Q15>=$G15,"✅ Draft Target Met",IF(AND(ISNUMBER($K15),$K15>Config!$A$2),"⚪ Not Started",IF($F15="Concept","🔵 In Concept",IF(ISBLANK($L15),"In Progress",IF(Config!$A$2>$L15,"🔴 Overdue",IF($O15>=$N15,"🟢 On Track",IF($O15>=$N15*0.6,"🟡 Needs Focus","🔴 Behind Schedule"))))))))))
A16: =IF($B16="","",IF(ISNUMBER($K16),YEAR($K16),IF(ISNUMBER($L16),YEAR($L16),YEAR(Config!$A$2)))) | C16: =IF($B16="","",Config!$E$5) | D16: =IF($B16="","",IF($E16="","Standalone",IF(COUNTIF('Universes & Series'!$A$5:$A$24,$E16)>0,INDEX('Universes & Series'!$B$5:$B$24,MATCH($E16,'Universes & Series'!$A$5:$A$24,0)),Config!$G$5))) | F16: =IF($B16="","",Config!$F$5) | H16: =IF($B16="","",SUMIFS('Daily Writing Log'!$H$5:$H$34,'Daily Writing Log'!$B$5:$B$34,$B16)) | I16: =IF($B16="","",IF($G16>0,MIN(1,MAX(0,$Q16/$G16)),0)) | J16: =IF($B16="","",REPT("#",IF($I16>0,MAX(1,ROUNDUP(MIN(1,MAX(0,$I16))*20,0)),0))&REPT("-",20-IF($I16>0,MAX(1,ROUNDUP(MIN(1,MAX(0,$I16))*20,0)),0))) | M16: =IF($B16="","",IF($L16="","",MAX(0,$L16-Config!$A$2))) | N16: =IF($B16="","",IF(OR($G16<=0,$Q16>=$G16),0,IF(OR($L16="",NOT(ISNUMBER($L16))),0,ROUNDUP(MAX(0,$G16-$Q16)/MAX(1,$L16-MAX(Config!$A$2,N($K16))),0)))) | O16: =IF($B16="","",ROUND(SUMIFS('Daily Writing Log'!$F$5:$F$34,'Daily Writing Log'!$B$5:$B$34,$B16,'Daily Writing Log'!$A$5:$A$34,">="&(Config!$A$2-29),'Daily Writing Log'!$A$5:$A$34,"<="&Config!$A$2)/30,0)) | P16: =IF($B16="","",IF($G16<=0,"Add target",IF($Q16>=$G16,"Completed",IF($O16>0,Config!$A$2+ROUNDUP(MAX(0,$G16-$Q16)/$O16,0),"No recent pace")))) | Q16: =IF($B16="","",SUMIFS('Daily Writing Log'!$F$5:$F$34,'Daily Writing Log'!$B$5:$B$34,$B16)) | R16: =IF($B16="","",IF($F16="Published","🎉 Published",IF($G16<=0,"⚪ Set target",IF($Q16>=$G16,"✅ Draft Target Met",IF(AND(ISNUMBER($K16),$K16>Config!$A$2),"⚪ Not Started",IF($F16="Concept","🔵 In Concept",IF(ISBLANK($L16),"In Progress",IF(Config!$A$2>$L16,"🔴 Overdue",IF($O16>=$N16,"🟢 On Track",IF($O16>=$N16*0.6,"🟡 Needs Focus","🔴 Behind Schedule"))))))))))
A17: =IF($B17="","",IF(ISNUMBER($K17),YEAR($K17),IF(ISNUMBER($L17),YEAR($L17),YEAR(Config!$A$2)))) | C17: =IF($B17="","",Config!$E$5) | D17: =IF($B17="","",IF($E17="","Standalone",IF(COUNTIF('Universes & Series'!$A$5:$A$24,$E17)>0,INDEX('Universes & Series'!$B$5:$B$24,MATCH($E17,'Universes & Series'!$A$5:$A$24,0)),Config!$G$5))) | F17: =IF($B17="","",Config!$F$5) | H17: =IF($B17="","",SUMIFS('Daily Writing Log'!$H$5:$H$34,'Daily Writing Log'!$B$5:$B$34,$B17)) | I17: =IF($B17="","",IF($G17>0,MIN(1,MAX(0,$Q17/$G17)),0)) | J17: =IF($B17="","",REPT("#",IF($I17>0,MAX(1,ROUNDUP(MIN(1,MAX(0,$I17))*20,0)),0))&REPT("-",20-IF($I17>0,MAX(1,ROUNDUP(MIN(1,MAX(0,$I17))*20,0)),0))) | M17: =IF($B17="","",IF($L17="","",MAX(0,$L17-Config!$A$2))) | N17: =IF($B17="","",IF(OR($G17<=0,$Q17>=$G17),0,IF(OR($L17="",NOT(ISNUMBER($L17))),0,ROUNDUP(MAX(0,$G17-$Q17)/MAX(1,$L17-MAX(Config!$A$2,N($K17))),0)))) | O17: =IF($B17="","",ROUND(SUMIFS('Daily Writing Log'!$F$5:$F$34,'Daily Writing Log'!$B$5:$B$34,$B17,'Daily Writing Log'!$A$5:$A$34,">="&(Config!$A$2-29),'Daily Writing Log'!$A$5:$A$34,"<="&Config!$A$2)/30,0)) | P17: =IF($B17="","",IF($G17<=0,"Add target",IF($Q17>=$G17,"Completed",IF($O17>0,Config!$A$2+ROUNDUP(MAX(0,$G17-$Q17)/$O17,0),"No recent pace")))) | Q17: =IF($B17="","",SUMIFS('Daily Writing Log'!$F$5:$F$34,'Daily Writing Log'!$B$5:$B$34,$B17)) | R17: =IF($B17="","",IF($F17="Published","🎉 Published",IF($G17<=0,"⚪ Set target",IF($Q17>=$G17,"✅ Draft Target Met",IF(AND(ISNUMBER($K17),$K17>Config!$A$2),"⚪ Not Started",IF($F17="Concept","🔵 In Concept",IF(ISBLANK($L17),"In Progress",IF(Config!$A$2>$L17,"🔴 Overdue",IF($O17>=$N17,"🟢 On Track",IF($O17>=$N17*0.6,"🟡 Needs Focus","🔴 Behind Schedule"))))))))))
A18: =IF($B18="","",IF(ISNUMBER($K18),YEAR($K18),IF(ISNUMBER($L18),YEAR($L18),YEAR(Config!$A$2)))) | C18: =IF($B18="","",Config!$E$5) | D18: =IF($B18="","",IF($E18="","Standalone",IF(COUNTIF('Universes & Series'!$A$5:$A$24,$E18)>0,INDEX('Universes & Series'!$B$5:$B$24,MATCH($E18,'Universes & Series'!$A$5:$A$24,0)),Config!$G$5))) | F18: =IF($B18="","",Config!$F$5) | H18: =IF($B18="","",SUMIFS('Daily Writing Log'!$H$5:$H$34,'Daily Writing Log'!$B$5:$B$34,$B18)) | I18: =IF($B18="","",IF($G18>0,MIN(1,MAX(0,$Q18/$G18)),0)) | J18: =IF($B18="","",REPT("#",IF($I18>0,MAX(1,ROUNDUP(MIN(1,MAX(0,$I18))*20,0)),0))&REPT("-",20-IF($I18>0,MAX(1,ROUNDUP(MIN(1,MAX(0,$I18))*20,0)),0))) | M18: =IF($B18="","",IF($L18="","",MAX(0,$L18-Config!$A$2))) | N18: =IF($B18="","",IF(OR($G18<=0,$Q18>=$G18),0,IF(OR($L18="",NOT(ISNUMBER($L18))),0,ROUNDUP(MAX(0,$G18-$Q18)/MAX(1,$L18-MAX(Config!$A$2,N($K18))),0)))) | O18: =IF($B18="","",ROUND(SUMIFS('Daily Writing Log'!$F$5:$F$34,'Daily Writing Log'!$B$5:$B$34,$B18,'Daily Writing Log'!$A$5:$A$34,">="&(Config!$A$2-29),'Daily Writing Log'!$A$5:$A$34,"<="&Config!$A$2)/30,0)) | P18: =IF($B18="","",IF($G18<=0,"Add target",IF($Q18>=$G18,"Completed",IF($O18>0,Config!$A$2+ROUNDUP(MAX(0,$G18-$Q18)/$O18,0),"No recent pace")))) | Q18: =IF($B18="","",SUMIFS('Daily Writing Log'!$F$5:$F$34,'Daily Writing Log'!$B$5:$B$34,$B18)) | R18: =IF($B18="","",IF($F18="Published","🎉 Published",IF($G18<=0,"⚪ Set target",IF($Q18>=$G18,"✅ Draft Target Met",IF(AND(ISNUMBER($K18),$K18>Config!$A$2),"⚪ Not Started",IF($F18="Concept","🔵 In Concept",IF(ISBLANK($L18),"In Progress",IF(Config!$A$2>$L18,"🔴 Overdue",IF($O18>=$N18,"🟢 On Track",IF($O18>=$N18*0.6,"🟡 Needs Focus","🔴 Behind Schedule"))))))))))
A19: =IF($B19="","",IF(ISNUMBER($K19),YEAR($K19),IF(ISNUMBER($L19),YEAR($L19),YEAR(Config!$A$2)))) | C19: =IF($B19="","",Config!$E$5) | D19: =IF($B19="","",IF($E19="","Standalone",IF(COUNTIF('Universes & Series'!$A$5:$A$24,$E19)>0,INDEX('Universes & Series'!$B$5:$B$24,MATCH($E19,'Universes & Series'!$A$5:$A$24,0)),Config!$G$5))) | F19: =IF($B19="","",Config!$F$5) | H19: =IF($B19="","",SUMIFS('Daily Writing Log'!$H$5:$H$34,'Daily Writing Log'!$B$5:$B$34,$B19)) | I19: =IF($B19="","",IF($G19>0,MIN(1,MAX(0,$Q19/$G19)),0)) | J19: =IF($B19="","",REPT("#",IF($I19>0,MAX(1,ROUNDUP(MIN(1,MAX(0,$I19))*20,0)),0))&REPT("-",20-IF($I19>0,MAX(1,ROUNDUP(MIN(1,MAX(0,$I19))*20,0)),0))) | M19: =IF($B19="","",IF($L19="","",MAX(0,$L19-Config!$A$2))) | N19: =IF($B19="","",IF(OR($G19<=0,$Q19>=$G19),0,IF(OR($L19="",NOT(ISNUMBER($L19))),0,ROUNDUP(MAX(0,$G19-$Q19)/MAX(1,$L19-MAX(Config!$A$2,N($K19))),0)))) | O19: =IF($B19="","",ROUND(SUMIFS('Daily Writing Log'!$F$5:$F$34,'Daily Writing Log'!$B$5:$B$34,$B19,'Daily Writing Log'!$A$5:$A$34,">="&(Config!$A$2-29),'Daily Writing Log'!$A$5:$A$34,"<="&Config!$A$2)/30,0)) | P19: =IF($B19="","",IF($G19<=0,"Add target",IF($Q19>=$G19,"Completed",IF($O19>0,Config!$A$2+ROUNDUP(MAX(0,$G19-$Q19)/$O19,0),"No recent pace")))) | Q19: =IF($B19="","",SUMIFS('Daily Writing Log'!$F$5:$F$34,'Daily Writing Log'!$B$5:$B$34,$B19)) | R19: =IF($B19="","",IF($F19="Published","🎉 Published",IF($G19<=0,"⚪ Set target",IF($Q19>=$G19,"✅ Draft Target Met",IF(AND(ISNUMBER($K19),$K19>Config!$A$2),"⚪ Not Started",IF($F19="Concept","🔵 In Concept",IF(ISBLANK($L19),"In Progress",IF(Config!$A$2>$L19,"🔴 Overdue",IF($O19>=$N19,"🟢 On Track",IF($O19>=$N19*0.6,"🟡 Needs Focus","🔴 Behind Schedule"))))))))))
A20: =IF($B20="","",IF(ISNUMBER($K20),YEAR($K20),IF(ISNUMBER($L20),YEAR($L20),YEAR(Config!$A$2)))) | C20: =IF($B20="","",Config!$E$5) | D20: =IF($B20="","",IF($E20="","Standalone",IF(COUNTIF('Universes & Series'!$A$5:$A$24,$E20)>0,INDEX('Universes & Series'!$B$5:$B$24,MATCH($E20,'Universes & Series'!$A$5:$A$24,0)),Config!$G$5))) | F20: =IF($B20="","",Config!$F$5) | H20: =IF($B20="","",SUMIFS('Daily Writing Log'!$H$5:$H$34,'Daily Writing Log'!$B$5:$B$34,$B20)) | I20: =IF($B20="","",IF($G20>0,MIN(1,MAX(0,$Q20/$G20)),0)) | J20: =IF($B20="","",REPT("#",IF($I20>0,MAX(1,ROUNDUP(MIN(1,MAX(0,$I20))*20,0)),0))&REPT("-",20-IF($I20>0,MAX(1,ROUNDUP(MIN(1,MAX(0,$I20))*20,0)),0))) | M20: =IF($B20="","",IF($L20="","",MAX(0,$L20-Config!$A$2))) | N20: =IF($B20="","",IF(OR($G20<=0,$Q20>=$G20),0,IF(OR($L20="",NOT(ISNUMBER($L20))),0,ROUNDUP(MAX(0,$G20-$Q20)/MAX(1,$L20-MAX(Config!$A$2,N($K20))),0)))) | O20: =IF($B20="","",ROUND(SUMIFS('Daily Writing Log'!$F$5:$F$34,'Daily Writing Log'!$B$5:$B$34,$B20,'Daily Writing Log'!$A$5:$A$34,">="&(Config!$A$2-29),'Daily Writing Log'!$A$5:$A$34,"<="&Config!$A$2)/30,0)) | P20: =IF($B20="","",IF($G20<=0,"Add target",IF($Q20>=$G20,"Completed",IF($O20>0,Config!$A$2+ROUNDUP(MAX(0,$G20-$Q20)/$O20,0),"No recent pace")))) | Q20: =IF($B20="","",SUMIFS('Daily Writing Log'!$F$5:$F$34,'Daily Writing Log'!$B$5:$B$34,$B20)) | R20: =IF($B20="","",IF($F20="Published","🎉 Published",IF($G20<=0,"⚪ Set target",IF($Q20>=$G20,"✅ Draft Target Met",IF(AND(ISNUMBER($K20),$K20>Config!$A$2),"⚪ Not Started",IF($F20="Concept","🔵 In Concept",IF(ISBLANK($L20),"In Progress",IF(Config!$A$2>$L20,"🔴 Overdue",IF($O20>=$N20,"🟢 On Track",IF($O20>=$N20*0.6,"🟡 Needs Focus","🔴 Behind Schedule"))))))))))
A21: =IF($B21="","",IF(ISNUMBER($K21),YEAR($K21),IF(ISNUMBER($L21),YEAR($L21),YEAR(Config!$A$2)))) | C21: =IF($B21="","",Config!$E$5) | D21: =IF($B21="","",IF($E21="","Standalone",IF(COUNTIF('Universes & Series'!$A$5:$A$24,$E21)>0,INDEX('Universes & Series'!$B$5:$B$24,MATCH($E21,'Universes & Series'!$A$5:$A$24,0)),Config!$G$5))) | F21: =IF($B21="","",Config!$F$5) | H21: =IF($B21="","",SUMIFS('Daily Writing Log'!$H$5:$H$34,'Daily Writing Log'!$B$5:$B$34,$B21)) | I21: =IF($B21="","",IF($G21>0,MIN(1,MAX(0,$Q21/$G21)),0)) | J21: =IF($B21="","",REPT("#",IF($I21>0,MAX(1,ROUNDUP(MIN(1,MAX(0,$I21))*20,0)),0))&REPT("-",20-IF($I21>0,MAX(1,ROUNDUP(MIN(1,MAX(0,$I21))*20,0)),0))) | M21: =IF($B21="","",IF($L21="","",MAX(0,$L21-Config!$A$2))) | N21: =IF($B21="","",IF(OR($G21<=0,$Q21>=$G21),0,IF(OR($L21="",NOT(ISNUMBER($L21))),0,ROUNDUP(MAX(0,$G21-$Q21)/MAX(1,$L21-MAX(Config!$A$2,N($K21))),0)))) | O21: =IF($B21="","",ROUND(SUMIFS('Daily Writing Log'!$F$5:$F$34,'Daily Writing Log'!$B$5:$B$34,$B21,'Daily Writing Log'!$A$5:$A$34,">="&(Config!$A$2-29),'Daily Writing Log'!$A$5:$A$34,"<="&Config!$A$2)/30,0)) | P21: =IF($B21="","",IF($G21<=0,"Add target",IF($Q21>=$G21,"Completed",IF($O21>0,Config!$A$2+ROUNDUP(MAX(0,$G21-$Q21)/$O21,0),"No recent pace")))) | Q21: =IF($B21="","",SUMIFS('Daily Writing Log'!$F$5:$F$34,'Daily Writing Log'!$B$5:$B$34,$B21)) | R21: =IF($B21="","",IF($F21="Published","🎉 Published",IF($G21<=0,"⚪ Set target",IF($Q21>=$G21,"✅ Draft Target Met",IF(AND(ISNUMBER($K21),$K21>Config!$A$2),"⚪ Not Started",IF($F21="Concept","🔵 In Concept",IF(ISBLANK($L21),"In Progress",IF(Config!$A$2>$L21,"🔴 Overdue",IF($O21>=$N21,"🟢 On Track",IF($O21>=$N21*0.6,"🟡 Needs Focus","🔴 Behind Schedule"))))))))))
A22: =IF($B22="","",IF(ISNUMBER($K22),YEAR($K22),IF(ISNUMBER($L22),YEAR($L22),YEAR(Config!$A$2)))) | C22: =IF($B22="","",Config!$E$5) | D22: =IF($B22="","",IF($E22="","Standalone",IF(COUNTIF('Universes & Series'!$A$5:$A$24,$E22)>0,INDEX('Universes & Series'!$B$5:$B$24,MATCH($E22,'Universes & Series'!$A$5:$A$24,0)),Config!$G$5))) | F22: =IF($B22="","",Config!$F$5) | H22: =IF($B22="","",SUMIFS('Daily Writing Log'!$H$5:$H$34,'Daily Writing Log'!$B$5:$B$34,$B22)) | I22: =IF($B22="","",IF($G22>0,MIN(1,MAX(0,$Q22/$G22)),0)) | J22: =IF($B22="","",REPT("#",IF($I22>0,MAX(1,ROUNDUP(MIN(1,MAX(0,$I22))*20,0)),0))&REPT("-",20-IF($I22>0,MAX(1,ROUNDUP(MIN(1,MAX(0,$I22))*20,0)),0))) | M22: =IF($B22="","",IF($L22="","",MAX(0,$L22-Config!$A$2))) | N22: =IF($B22="","",IF(OR($G22<=0,$Q22>=$G22),0,IF(OR($L22="",NOT(ISNUMBER($L22))),0,ROUNDUP(MAX(0,$G22-$Q22)/MAX(1,$L22-MAX(Config!$A$2,N($K22))),0)))) | O22: =IF($B22="","",ROUND(SUMIFS('Daily Writing Log'!$F$5:$F$34,'Daily Writing Log'!$B$5:$B$34,$B22,'Daily Writing Log'!$A$5:$A$34,">="&(Config!$A$2-29),'Daily Writing Log'!$A$5:$A$34,"<="&Config!$A$2)/30,0)) | P22: =IF($B22="","",IF($G22<=0,"Add target",IF($Q22>=$G22,"Completed",IF($O22>0,Config!$A$2+ROUNDUP(MAX(0,$G22-$Q22)/$O22,0),"No recent pace")))) | Q22: =IF($B22="","",SUMIFS('Daily Writing Log'!$F$5:$F$34,'Daily Writing Log'!$B$5:$B$34,$B22)) | R22: =IF($B22="","",IF($F22="Published","🎉 Published",IF($G22<=0,"⚪ Set target",IF($Q22>=$G22,"✅ Draft Target Met",IF(AND(ISNUMBER($K22),$K22>Config!$A$2),"⚪ Not Started",IF($F22="Concept","🔵 In Concept",IF(ISBLANK($L22),"In Progress",IF(Config!$A$2>$L22,"🔴 Overdue",IF($O22>=$N22,"🟢 On Track",IF($O22>=$N22*0.6,"🟡 Needs Focus","🔴 Behind Schedule"))))))))))
... A24: =IF($B24="","",IF(ISNUMBER($K24),YEAR($K24),IF(ISNUMBER($L24),YEAR($L24),YEAR(Config!$A$2)))) | C24: =IF($B24="","",Config!$E$5) | D24: =IF($B24="","",IF($E24="","Standalone",IF(COUNTIF('Universes & Series'!$A$5:$A$24,$E24)>0,INDEX('Universes & Series'!$B$5:$B$24,MATCH($E24,'Universes & Series'!$A$5:$A$24,0)),Config!$G$5))) | F24: =IF($B24="","",Config!$F$5) | H24: =IF($B24="","",SUMIFS('Daily Writing Log'!$H$5:$H$34,'Daily Writing Log'!$B$5:$B$34,$B24)) | I24: =IF($B24="","",IF($G24>0,MIN(1,MAX(0,$Q24/$G24)),0)) | J24: =IF($B24="","",REPT("#",IF($I24>0,MAX(1,ROUNDUP(MIN(1,MAX(0,$I24))*20,0)),0))&REPT("-",20-IF($I24>0,MAX(1,ROUNDUP(MIN(1,MAX(0,$I24))*20,0)),0))) | M24: =IF($B24="","",IF($L24="","",MAX(0,$L24-Config!$A$2))) | N24: =IF($B24="","",IF(OR($G24<=0,$Q24>=$G24),0,IF(OR($L24="",NOT(ISNUMBER($L24))),0,ROUNDUP(MAX(0,$G24-$Q24)/MAX(1,$L24-MAX(Config!$A$2,N($K24))),0)))) | O24: =IF($B24="","",ROUND(SUMIFS('Daily Writing Log'!$F$5:$F$34,'Daily Writing Log'!$B$5:$B$34,$B24,'Daily Writing Log'!$A$5:$A$34,">="&(Config!$A$2-29),'Daily Writing Log'!$A$5:$A$34,"<="&Config!$A$2)/30,0)) | P24: =IF($B24="","",IF($G24<=0,"Add target",IF($Q24>=$G24,"Completed",IF($O24>0,Config!$A$2+ROUNDUP(MAX(0,$G24-$Q24)/$O24,0),"No recent pace")))) | Q24: =IF($B24="","",SUMIFS('Daily Writing Log'!$F$5:$F$34,'Daily Writing Log'!$B$5:$B$34,$B24)) | R24: =IF($B24="","",IF($F24="Published","🎉 Published",IF($G24<=0,"⚪ Set target",IF($Q24>=$G24,"✅ Draft Target Met",IF(AND(ISNUMBER($K24),$K24>Config!$A$2),"⚪ Not Started",IF($F24="Concept","🔵 In Concept",IF(ISBLANK($L24),"In Progress",IF(Config!$A$2>$L24,"🔴 Overdue",IF($O24>=$N24,"🟢 On Track",IF($O24>=$N24*0.6,"🟡 Needs Focus","🔴 Behind Schedule"))))))))))
B25: Total Pipeline Portfolio | G25: =SUM(G5:G24) -> 1020000 | H25: =SUM(H5:H24) -> 7450 | I25: =IF(G25>0,Q25/G25,0) -> 0.0055882353 | M25: =ROUND(AVERAGE(M5:M24),0) -> 497 | N25: =SUM(N5:N24) -> 6431 | O25: =SUM(O5:O24) -> 0 | Q25: =SUM(Q5:Q24) -> 5700 | R25: =COUNTIF(B5:B24,"?*")&" Active / Cataloged" -> 6 Active / Cataloged
A27: 📊 PIPELINE ANALYTICS • DYNAMIC BOOK TARGETS, REQUIRED DAILY PACE & STAGE FUNNEL (AUTO-UPDATING)

Sheet Daily Writing Log
A1: ✍️ DAILY WRITING LOG • SESSIONS & HABIT TRACKER | J1: 🔥 Writing Streak | K1: 🎯 Goal-Met Days | L1: 🎯 Current Month Total | M1: 🏁 Monthly Target | N1: 📈 30D Avg Velocity
A2: Log each writing session. Multiple rows per day are supported! Total Words adds to book progress; Effort Points tracks your daily productivity goal. | J2: =Calc!$S$8 -> 2 | K2: =COUNTIF($K$5:$K$34,"✅ Yes") -> 3 | L2: =Calc!$S$6 -> 0 | M2: =Calc!$S$5 -> 62000 | N2: =Calc!$S$11 -> 162
A4: Date | B4: Book Title | C4: Stage at Session | D4: Worldbuilding Words | E4: Outlining Words | F4: First Draft Words | G4: Revision Words | H4: Total Words Added | I4: Daily Effort Points | J4: Daily Target | K4: Goal Met? (once/day) | L4: Time Spent (Mins) | M4: Words / Hour | N4: Notes / Scene Breakdown
A5: 46388 | B5: The Silver Chronicles | C5: =IF(B5="","",IFERROR(INDEX('My Books'!$F$5:$F$24,MATCH(B5,'My Books'!$B$5:$B$24,0)),"Concept")) -> Drafting | D5: 600 | E5: 200 | F5: 1800 | G5: 0 | H5: =IF(COUNTA(D5:G5)=0,"",SUM(D5:G5)) -> 2600 | I5: =IF(H5="","",F5*Config!$B$10+E5*IF(OR(C5="Pre-Draft Outline",C5="Pre-Revision Outline",C5="Concept"),Config!$B$11,Config!$B$13)+D5*Config!$B$14+G5*IF(OR(C5="Revision",C5="Beta Review",C5="Proofing"),Config!$B$15,Config!$B$16)) -> 2200 | J5: =IF(AND($A5="",$B5="",SUM($D5:$G5,$L5)=0,$N5=""),"",Config!$B$5) -> 2000 | K5: =IF($A5="","",IF(COUNTIF($A$5:A5,$A5)>1,"",IF(SUMIFS($I$5:$I$34,$A$5:$A$34,$A5)>=$J5,"✅ Yes","—"))) -> ✅ Yes | L5: 90 | M5: =IF(OR(H5="",L5="",L5=0),"",ROUND((H5/L5)*60,0)) -> 1733 | N5: Drafted Ch 1-2 + worldbuilt High Eldorian lexicon
A6: 2026-10-12 | B6: The Silver Chronicles | C6: =IF(B6="","",IFERROR(INDEX('My Books'!$F$5:$F$24,MATCH(B6,'My Books'!$B$5:$B$24,0)),"Concept")) -> Drafting | D6: 0 | E6: 0 | F6: 2000 | G6: 450 | H6: =IF(COUNTA(D6:G6)=0,"",SUM(D6:G6)) -> 2450 | I6: =IF(H6="","",F6*Config!$B$10+E6*IF(OR(C6="Pre-Draft Outline",C6="Pre-Revision Outline",C6="Concept"),Config!$B$11,Config!$B$13)+D6*Config!$B$14+G6*IF(OR(C6="Revision",C6="Beta Review",C6="Proofing"),Config!$B$15,Config!$B$16)) -> 2000 | J6: =IF(AND($A6="",$B6="",SUM($D6:$G6,$L6)=0,$N6=""),"",Config!$B$5) -> 2000 | K6: =IF($A6="","",IF(COUNTIF($A$5:A6,$A6)>1,"",IF(SUMIFS($I$5:$I$34,$A$5:$A$34,$A6)>=$J6,"✅ Yes","—"))) -> ✅ Yes | L6: 85 | M6: =IF(OR(H6="",L6="",L6=0),"",ROUND((H6/L6)*60,0)) -> 1729 | N6: Completed Ch 3 convergence scene; premature editing of Ch 1 zero-weighted (0.0x)
A7: 2026-10-13 | B7: The Silver Chronicles | C7: Drafting | D7: 200 | E7: 0 | F7: 1900 | G7: 300 | H7: =IF(AND($A7="",$B7="",SUM($D7:$G7,$L7)=0,$N7=""),"",SUM($D7:$G7)) -> 2400 | I7: =IF(AND($A7="",$B7="",SUM($D7:$G7,$L7)=0,$N7=""),"",$F7*Config!$B$10+$E7*IF($C7="Pre-Draft Outline",Config!$B$11,IF($C7="Pre-Revision Outline",Config!$B$12,Config!$B$13))+$D7*Config!$B$14+IF($C7="Revision",$G7*Config!$B$15,$G7*Config!$B$16)) -> 2000 | J7: =IF(AND($A7="",$B7="",SUM($D7:$G7,$L7)=0,$N7=""),"",Config!$B$5) -> 2000 | K7: =IF($A7="","",IF(COUNTIF($A$5:A7,$A7)>1,"",IF(SUMIFS($I$5:$I$34,$A$5:$A$34,$A7)>=$J7,"✅ Yes","—"))) -> ✅ Yes | L7: 110 | M7: =IF(OR($H7="",NOT(ISNUMBER($L7)),$L7<=0),"",ROUND($H7/($L7/60),0)) -> 1309 | N7: Drafted Chapters 1-3; premature revision blocked (0.0x)
C8: =IF($B8="","",IF(COUNTIF('My Books'!$B$5:$B$24,$B8)>0,INDEX('My Books'!$F$5:$F$24,MATCH($B8,'My Books'!$B$5:$B$24,0)),Config!$F$5)) | H8: =IF(AND($A8="",$B8="",SUM($D8:$G8,$L8)=0,$N8=""),"",SUM($D8:$G8)) | I8: =IF(AND($A8="",$B8="",SUM($D8:$G8,$L8)=0,$N8=""),"",$F8*Config!$B$10+$E8*IF($C8="Pre-Draft Outline",Config!$B$11,IF($C8="Pre-Revision Outline",Config!$B$12,Config!$B$13))+$D8*Config!$B$14+IF($C8="Revision",$G8*Config!$B$15,$G8*Config!$B$16)) | J8: =IF(AND($A8="",$B8="",SUM($D8:$G8,$L8)=0,$N8=""),"",Config!$B$5) | K8: =IF($A8="","",IF(COUNTIF($A$5:A8,$A8)>1,"",IF(SUMIFS($I$5:$I$34,$A$5:$A$34,$A8)>=$J8,"✅ Yes","—"))) | M8: =IF(OR($H8="",NOT(ISNUMBER($L8)),$L8<=0),"",ROUND($H8/($L8/60),0))
C9: =IF($B9="","",IF(COUNTIF('My Books'!$B$5:$B$24,$B9)>0,INDEX('My Books'!$F$5:$F$24,MATCH($B9,'My Books'!$B$5:$B$24,0)),Config!$F$5)) | H9: =IF(AND($A9="",$B9="",SUM($D9:$G9,$L9)=0,$N9=""),"",SUM($D9:$G9)) | I9: =IF(AND($A9="",$B9="",SUM($D9:$G9,$L9)=0,$N9=""),"",$F9*Config!$B$10+$E9*IF($C9="Pre-Draft Outline",Config!$B$11,IF($C9="Pre-Revision Outline",Config!$B$12,Config!$B$13))+$D9*Config!$B$14+IF($C9="Revision",$G9*Config!$B$15,$G9*Config!$B$16)) | J9: =IF(AND($A9="",$B9="",SUM($D9:$G9,$L9)=0,$N9=""),"",Config!$B$5) | K9: =IF($A9="","",IF(COUNTIF($A$5:A9,$A9)>1,"",IF(SUMIFS($I$5:$I$34,$A$5:$A$34,$A9)>=$J9,"✅ Yes","—"))) | M9: =IF(OR($H9="",NOT(ISNUMBER($L9)),$L9<=0),"",ROUND($H9/($L9/60),0))
C10: =IF($B10="","",IF(COUNTIF('My Books'!$B$5:$B$24,$B10)>0,INDEX('My Books'!$F$5:$F$24,MATCH($B10,'My Books'!$B$5:$B$24,0)),Config!$F$5)) | H10: =IF(AND($A10="",$B10="",SUM($D10:$G10,$L10)=0,$N10=""),"",SUM($D10:$G10)) | I10: =IF(AND($A10="",$B10="",SUM($D10:$G10,$L10)=0,$N10=""),"",$F10*Config!$B$10+$E10*IF($C10="Pre-Draft Outline",Config!$B$11,IF($C10="Pre-Revision Outline",Config!$B$12,Config!$B$13))+$D10*Config!$B$14+IF($C10="Revision",$G10*Config!$B$15,$G10*Config!$B$16)) | J10: =IF(AND($A10="",$B10="",SUM($D10:$G10,$L10)=0,$N10=""),"",Config!$B$5) | K10: =IF($A10="","",IF(COUNTIF($A$5:A10,$A10)>1,"",IF(SUMIFS($I$5:$I$34,$A$5:$A$34,$A10)>=$J10,"✅ Yes","—"))) | M10: =IF(OR($H10="",NOT(ISNUMBER($L10)),$L10<=0),"",ROUND($H10/($L10/60),0))
C11: =IF($B11="","",IF(COUNTIF('My Books'!$B$5:$B$24,$B11)>0,INDEX('My Books'!$F$5:$F$24,MATCH($B11,'My Books'!$B$5:$B$24,0)),Config!$F$5)) | H11: =IF(AND($A11="",$B11="",SUM($D11:$G11,$L11)=0,$N11=""),"",SUM($D11:$G11)) | I11: =IF(AND($A11="",$B11="",SUM($D11:$G11,$L11)=0,$N11=""),"",$F11*Config!$B$10+$E11*IF($C11="Pre-Draft Outline",Config!$B$11,IF($C11="Pre-Revision Outline",Config!$B$12,Config!$B$13))+$D11*Config!$B$14+IF($C11="Revision",$G11*Config!$B$15,$G11*Config!$B$16)) | J11: =IF(AND($A11="",$B11="",SUM($D11:$G11,$L11)=0,$N11=""),"",Config!$B$5) | K11: =IF($A11="","",IF(COUNTIF($A$5:A11,$A11)>1,"",IF(SUMIFS($I$5:$I$34,$A$5:$A$34,$A11)>=$J11,"✅ Yes","—"))) | M11: =IF(OR($H11="",NOT(ISNUMBER($L11)),$L11<=0),"",ROUND($H11/($L11/60),0))
C12: =IF($B12="","",IF(COUNTIF('My Books'!$B$5:$B$24,$B12)>0,INDEX('My Books'!$F$5:$F$24,MATCH($B12,'My Books'!$B$5:$B$24,0)),Config!$F$5)) | H12: =IF(AND($A12="",$B12="",SUM($D12:$G12,$L12)=0,$N12=""),"",SUM($D12:$G12)) | I12: =IF(AND($A12="",$B12="",SUM($D12:$G12,$L12)=0,$N12=""),"",$F12*Config!$B$10+$E12*IF($C12="Pre-Draft Outline",Config!$B$11,IF($C12="Pre-Revision Outline",Config!$B$12,Config!$B$13))+$D12*Config!$B$14+IF($C12="Revision",$G12*Config!$B$15,$G12*Config!$B$16)) | J12: =IF(AND($A12="",$B12="",SUM($D12:$G12,$L12)=0,$N12=""),"",Config!$B$5) | K12: =IF($A12="","",IF(COUNTIF($A$5:A12,$A12)>1,"",IF(SUMIFS($I$5:$I$34,$A$5:$A$34,$A12)>=$J12,"✅ Yes","—"))) | M12: =IF(OR($H12="",NOT(ISNUMBER($L12)),$L12<=0),"",ROUND($H12/($L12/60),0))
C13: =IF($B13="","",IF(COUNTIF('My Books'!$B$5:$B$24,$B13)>0,INDEX('My Books'!$F$5:$F$24,MATCH($B13,'My Books'!$B$5:$B$24,0)),Config!$F$5)) | H13: =IF(AND($A13="",$B13="",SUM($D13:$G13,$L13)=0,$N13=""),"",SUM($D13:$G13)) | I13: =IF(AND($A13="",$B13="",SUM($D13:$G13,$L13)=0,$N13=""),"",$F13*Config!$B$10+$E13*IF($C13="Pre-Draft Outline",Config!$B$11,IF($C13="Pre-Revision Outline",Config!$B$12,Config!$B$13))+$D13*Config!$B$14+IF($C13="Revision",$G13*Config!$B$15,$G13*Config!$B$16)) | J13: =IF(AND($A13="",$B13="",SUM($D13:$G13,$L13)=0,$N13=""),"",Config!$B$5) | K13: =IF($A13="","",IF(COUNTIF($A$5:A13,$A13)>1,"",IF(SUMIFS($I$5:$I$34,$A$5:$A$34,$A13)>=$J13,"✅ Yes","—"))) | M13: =IF(OR($H13="",NOT(ISNUMBER($L13)),$L13<=0),"",ROUND($H13/($L13/60),0))
C14: =IF($B14="","",IF(COUNTIF('My Books'!$B$5:$B$24,$B14)>0,INDEX('My Books'!$F$5:$F$24,MATCH($B14,'My Books'!$B$5:$B$24,0)),Config!$F$5)) | H14: =IF(AND($A14="",$B14="",SUM($D14:$G14,$L14)=0,$N14=""),"",SUM($D14:$G14)) | I14: =IF(AND($A14="",$B14="",SUM($D14:$G14,$L14)=0,$N14=""),"",$F14*Config!$B$10+$E14*IF($C14="Pre-Draft Outline",Config!$B$11,IF($C14="Pre-Revision Outline",Config!$B$12,Config!$B$13))+$D14*Config!$B$14+IF($C14="Revision",$G14*Config!$B$15,$G14*Config!$B$16)) | J14: =IF(AND($A14="",$B14="",SUM($D14:$G14,$L14)=0,$N14=""),"",Config!$B$5) | K14: =IF($A14="","",IF(COUNTIF($A$5:A14,$A14)>1,"",IF(SUMIFS($I$5:$I$34,$A$5:$A$34,$A14)>=$J14,"✅ Yes","—"))) | M14: =IF(OR($H14="",NOT(ISNUMBER($L14)),$L14<=0),"",ROUND($H14/($L14/60),0))
C15: =IF($B15="","",IF(COUNTIF('My Books'!$B$5:$B$24,$B15)>0,INDEX('My Books'!$F$5:$F$24,MATCH($B15,'My Books'!$B$5:$B$24,0)),Config!$F$5)) | H15: =IF(AND($A15="",$B15="",SUM($D15:$G15,$L15)=0,$N15=""),"",SUM($D15:$G15)) | I15: =IF(AND($A15="",$B15="",SUM($D15:$G15,$L15)=0,$N15=""),"",$F15*Config!$B$10+$E15*IF($C15="Pre-Draft Outline",Config!$B$11,IF($C15="Pre-Revision Outline",Config!$B$12,Config!$B$13))+$D15*Config!$B$14+IF($C15="Revision",$G15*Config!$B$15,$G15*Config!$B$16)) | J15: =IF(AND($A15="",$B15="",SUM($D15:$G15,$L15)=0,$N15=""),"",Config!$B$5) | K15: =IF($A15="","",IF(COUNTIF($A$5:A15,$A15)>1,"",IF(SUMIFS($I$5:$I$34,$A$5:$A$34,$A15)>=$J15,"✅ Yes","—"))) | M15: =IF(OR($H15="",NOT(ISNUMBER($L15)),$L15<=0),"",ROUND($H15/($L15/60),0))
C16: =IF($B16="","",IF(COUNTIF('My Books'!$B$5:$B$24,$B16)>0,INDEX('My Books'!$F$5:$F$24,MATCH($B16,'My Books'!$B$5:$B$24,0)),Config!$F$5)) | H16: =IF(AND($A16="",$B16="",SUM($D16:$G16,$L16)=0,$N16=""),"",SUM($D16:$G16)) | I16: =IF(AND($A16="",$B16="",SUM($D16:$G16,$L16)=0,$N16=""),"",$F16*Config!$B$10+$E16*IF($C16="Pre-Draft Outline",Config!$B$11,IF($C16="Pre-Revision Outline",Config!$B$12,Config!$B$13))+$D16*Config!$B$14+IF($C16="Revision",$G16*Config!$B$15,$G16*Config!$B$16)) | J16: =IF(AND($A16="",$B16="",SUM($D16:$G16,$L16)=0,$N16=""),"",Config!$B$5) | K16: =IF($A16="","",IF(COUNTIF($A$5:A16,$A16)>1,"",IF(SUMIFS($I$5:$I$34,$A$5:$A$34,$A16)>=$J16,"✅ Yes","—"))) | M16: =IF(OR($H16="",NOT(ISNUMBER($L16)),$L16<=0),"",ROUND($H16/($L16/60),0))
C17: =IF($B17="","",IF(COUNTIF('My Books'!$B$5:$B$24,$B17)>0,INDEX('My Books'!$F$5:$F$24,MATCH($B17,'My Books'!$B$5:$B$24,0)),Config!$F$5)) | H17: =IF(AND($A17="",$B17="",SUM($D17:$G17,$L17)=0,$N17=""),"",SUM($D17:$G17)) | I17: =IF(AND($A17="",$B17="",SUM($D17:$G17,$L17)=0,$N17=""),"",$F17*Config!$B$10+$E17*IF($C17="Pre-Draft Outline",Config!$B$11,IF($C17="Pre-Revision Outline",Config!$B$12,Config!$B$13))+$D17*Config!$B$14+IF($C17="Revision",$G17*Config!$B$15,$G17*Config!$B$16)) | J17: =IF(AND($A17="",$B17="",SUM($D17:$G17,$L17)=0,$N17=""),"",Config!$B$5) | K17: =IF($A17="","",IF(COUNTIF($A$5:A17,$A17)>1,"",IF(SUMIFS($I$5:$I$34,$A$5:$A$34,$A17)>=$J17,"✅ Yes","—"))) | M17: =IF(OR($H17="",NOT(ISNUMBER($L17)),$L17<=0),"",ROUND($H17/($L17/60),0))
C18: =IF($B18="","",IF(COUNTIF('My Books'!$B$5:$B$24,$B18)>0,INDEX('My Books'!$F$5:$F$24,MATCH($B18,'My Books'!$B$5:$B$24,0)),Config!$F$5)) | H18: =IF(AND($A18="",$B18="",SUM($D18:$G18,$L18)=0,$N18=""),"",SUM($D18:$G18)) | I18: =IF(AND($A18="",$B18="",SUM($D18:$G18,$L18)=0,$N18=""),"",$F18*Config!$B$10+$E18*IF($C18="Pre-Draft Outline",Config!$B$11,IF($C18="Pre-Revision Outline",Config!$B$12,Config!$B$13))+$D18*Config!$B$14+IF($C18="Revision",$G18*Config!$B$15,$G18*Config!$B$16)) | J18: =IF(AND($A18="",$B18="",SUM($D18:$G18,$L18)=0,$N18=""),"",Config!$B$5) | K18: =IF($A18="","",IF(COUNTIF($A$5:A18,$A18)>1,"",IF(SUMIFS($I$5:$I$34,$A$5:$A$34,$A18)>=$J18,"✅ Yes","—"))) | M18: =IF(OR($H18="",NOT(ISNUMBER($L18)),$L18<=0),"",ROUND($H18/($L18/60),0))
C19: =IF($B19="","",IF(COUNTIF('My Books'!$B$5:$B$24,$B19)>0,INDEX('My Books'!$F$5:$F$24,MATCH($B19,'My Books'!$B$5:$B$24,0)),Config!$F$5)) | H19: =IF(AND($A19="",$B19="",SUM($D19:$G19,$L19)=0,$N19=""),"",SUM($D19:$G19)) | I19: =IF(AND($A19="",$B19="",SUM($D19:$G19,$L19)=0,$N19=""),"",$F19*Config!$B$10+$E19*IF($C19="Pre-Draft Outline",Config!$B$11,IF($C19="Pre-Revision Outline",Config!$B$12,Config!$B$13))+$D19*Config!$B$14+IF($C19="Revision",$G19*Config!$B$15,$G19*Config!$B$16)) | J19: =IF(AND($A19="",$B19="",SUM($D19:$G19,$L19)=0,$N19=""),"",Config!$B$5) | K19: =IF($A19="","",IF(COUNTIF($A$5:A19,$A19)>1,"",IF(SUMIFS($I$5:$I$34,$A$5:$A$34,$A19)>=$J19,"✅ Yes","—"))) | M19: =IF(OR($H19="",NOT(ISNUMBER($L19)),$L19<=0),"",ROUND($H19/($L19/60),0))
... C34: =IF($B34="","",IF(COUNTIF('My Books'!$B$5:$B$24,$B34)>0,INDEX('My Books'!$F$5:$F$24,MATCH($B34,'My Books'!$B$5:$B$24,0)),Config!$F$5)) | H34: =IF(AND($A34="",$B34="",SUM($D34:$G34,$L34)=0,$N34=""),"",SUM($D34:$G34)) | I34: =IF(AND($A34="",$B34="",SUM($D34:$G34,$L34)=0,$N34=""),"",$F34*Config!$B$10+$E34*IF($C34="Pre-Draft Outline",Config!$B$11,IF($C34="Pre-Revision Outline",Config!$B$12,Config!$B$13))+$D34*Config!$B$14+IF($C34="Revision",$G34*Config!$B$15,$G34*Config!$B$16)) | J34: =IF(AND($A34="",$B34="",SUM($D34:$G34,$L34)=0,$N34=""),"",Config!$B$5) | K34: =IF($A34="","",IF(COUNTIF($A$5:A34,$A34)>1,"",IF(SUMIFS($I$5:$I$34,$A$5:$A$34,$A34)>=$J34,"✅ Yes","—"))) | M34: =IF(OR($H34="",NOT(ISNUMBER($L34)),$L34<=0),"",ROUND($H34/($L34/60),0))
B35: Total Logged Sessions | D35: =SUM(D5:D34) -> 800 | E35: =SUM(E5:E34) -> 200 | F35: =SUM(F5:F34) -> 5700 | G35: =SUM(G5:G34) -> 750 | H35: =SUM(H5:H34) -> 7450 | I35: =SUM(I5:I34) -> 6200 | K35: =COUNTIF(K5:K34,"✅ Yes")&" Goal Days" -> 3 Goal Days | L35: =SUM(L5:L34) -> 285 | M35: =IF(L35>0,ROUND(H35/(L35/60),0),0) -> 1568
A37: 📊 WRITING HABIT ANALYTICS • CREATIVE PHASE MIX & WEEKLY RHYTHM (AUTO-UPDATES WITH EVERY LOGGED SESSION)

Sheet Calc
A1: 🧮 CALCULATION ENGINE • do not edit (feeds streak, 30-day chart, spotlight)
A2: Block 1: 730d streak ledger. Block 2: 30d velocity. Block 3-4: Spotlight & KPIs. Blocks 5-11 (Cols U-AZ): Dynamic auto-updating chart tables for Books, Series, Annual Load, Stages, Phase Mix & Weekly Rhythm.
A4: Date | B4: Words Added | C4: Effort Points | D4: Goal Met (1/0) | E4: Grace Used Before | F4: Miss Forgiven (1/0) | G4: Grace Used (Month) | H4: Streak | J4: Date (last 30d) | K4: Words | M4: Spotlight Sort Key | O4: Slot | P4: My Books Row | R4: Headline Metric | S4: Value | U4: Spotlight Book | V4: Drafted Words | W4: Remaining Target Words | X4: Required Words/Day | Y4: 30D Speed (Words/Day) | Z4: Total Work Words | AB4: Book Row Key | AC4: Catalog Slot | AD4: Matched Row | AE4: Cataloged Book Title | AF4: Draft Target Words | AG4: Total Work Words | AH4: First Draft Words | AI4: Required Draft Words/Day | AJ4: Recent Draft Speed (30D) | AL4: Series Row Key | AM4: Series Slot | AN4: Matched Row | AO4: Series Title | AP4: Completed Books | AQ4: Books In Progress | AR4: Future Unscheduled Books | AS4: Cataloged Target Words | AT4: Total Work Words | AV4: Production Year | AW4: Scheduled Target | AX4: Actual Logged | AY4: Annual Goal | AZ4: Log Row Weekday (1=Mon) | BA4: Compiler Pillar | BB4: Active Findings | BC4: Books Audited
A5: =Config!$A$2-729 -> 45583 | B5: =SUMIFS('Daily Writing Log'!$H$5:$H$34,'Daily Writing Log'!$A$5:$A$34,$A5) -> 0 | C5: =SUMIFS('Daily Writing Log'!$I$5:$I$34,'Daily Writing Log'!$A$5:$A$34,$A5) -> 0 | D5: =IF($C5>=Config!$B$5,1,0) -> 0 | E5: 0 | F5: 0 | G5: 0 | H5: =IF($D5=1,1,0) -> 0 | J5: =Config!$A$2-29 -> 46283 | K5: =SUMIFS('Daily Writing Log'!$H$5:$H$34,'Daily Writing Log'!$A$5:$A$34,$J5) -> 0 | M5: =IF('My Books'!$B5="","",IF(OR('My Books'!$F5=Config!$F$14,AND(N('My Books'!$G5)>0,N('My Books'!$Q5)>=N('My Books'!$G5))),"",IF(ISNUMBER('My Books'!$L5),'My Books'!$L5,99999)+ROW()/100000)) -> 46569 | O5: 1 | P5: =IF(COUNT($M$5:$M$24)<$O5,0,MATCH(SMALL($M$5:$M$24,$O5),$M$5:$M$24,0)+4) -> 5 | R5: Monthly Words Target | S5: =ROUND(Config!$B$7/(DATE(YEAR(Config!$A$2),12,31)-DATE(YEAR(Config!$A$2),1,1)+1)*DAY(EOMONTH(Config!$A$2,0)),0) -> 62000 | U5: =IF($P5=0,"",INDEX('My Books'!$B$1:$B$24,$P5)) -> Prisoner of Sand Sea | V5: =IF($P5=0,0,N(INDEX('My Books'!$Q$1:$Q$24,$P5))) -> 0 | W5: =IF($P5=0,0,MAX(0,N(INDEX('My Books'!$G$1:$G$24,$P5))-N(INDEX('My Books'!$Q$1:$Q$24,$P5)))) -> 200000 | X5: =IF($P5=0,0,N(INDEX('My Books'!$N$1:$N$24,$P5))) -> 1105 | Y5: =IF($P5=0,0,N(INDEX('My Books'!$O$1:$O$24,$P5))) -> 0 | Z5: =IF($P5=0,0,N(INDEX('My Books'!$H$1:$H$24,$P5))) -> 0 | AB5: =IF('My Books'!$B5="","",ROW()) -> 5 | AC5: 1 | AD5: =IF(COUNT($AB$5:$AB$24)<$AC5,0,MATCH(SMALL($AB$5:$AB$24,$AC5),$AB$5:$AB$24,0)+4) -> 5 | AE5: =IF($AD5=0,"",INDEX('My Books'!$B$1:$B$24,$AD5)) -> Prisoner of Sand Sea | AF5: =IF($AD5=0,0,N(INDEX('My Books'!$G$1:$G$24,$AD5))) -> 200000 | AG5: =IF($AD5=0,0,N(INDEX('My Books'!$H$1:$H$24,$AD5))) -> 0 | AH5: =IF($AD5=0,0,N(INDEX('My Books'!$Q$1:$Q$24,$AD5))) -> 0 | AI5: =IF($AD5=0,0,N(INDEX('My Books'!$N$1:$N$24,$AD5))) -> 1105 | AJ5: =IF($AD5=0,0,N(INDEX('My Books'!$O$1:$O$24,$AD5))) -> 0 | AL5: =IF('Universes & Series'!$A5="","",ROW()) -> 5 | AM5: 1 | AN5: =IF(COUNT($AL$5:$AL$24)<$AM5,0,MATCH(SMALL($AL$5:$AL$24,$AM5),$AL$5:$AL$24,0)+4) -> 5 | AO5: =IF($AN5=0,"",INDEX('Universes & Series'!$A$1:$A$24,$AN5)) -> Sand Sea Saga | AP5: =IF($AN5=0,0,N(INDEX('Universes & Series'!$D$1:$D$24,$AN5))) -> 0 | AQ5: =IF($AN5=0,0,N(INDEX('Universes & Series'!$E$1:$E$24,$AN5))) -> 2 | AR5: =IF($AN5=0,0,MAX(0,N(INDEX('Universes & Series'!$C$1:$C$24,$AN5))-N(INDEX('Universes & Series'!$D$1:$D$24,$AN5))-N(INDEX('Universes & Series'!$E$1:$E$24,$AN5)))) -> 1 | AS5: =IF($AN5=0,0,SUMIF('My Books'!$E$5:$E$24,$AO5,'My Books'!$G$5:$G$24)) -> 400000 | AT5: =IF($AN5=0,0,N(INDEX('Universes & Series'!$F$1:$F$24,$AN5))) -> 0 | AV5: ="Year "&(YEAR(Config!$A$2)+0) -> Year 2026 | AW5: =SUMIF('My Books'!$A$5:$A$24,YEAR(Config!$A$2)+0,'My Books'!$G$5:$G$24) -> 120000 | AX5: =SUMIFS('Daily Writing Log'!$H$5:$H$34,'Daily Writing Log'!$A$5:$A$34,">="&DATE(YEAR(Config!$A$2)+0,1,1),'Daily Writing Log'!$A$5:$A$34,"<="&DATE(YEAR(Config!$A$2)+0,12,31)) -> 0 | AY5: =Config!$B$7 -> 730000 | AZ5: =IF(ISNUMBER('Daily Writing Log'!$A5),WEEKDAY('Daily Writing Log'!$A5,2),0) -> 5 | BA5: EPI-* (POV Firewall) | BB5: =SUM('Continuity & Compilers'!$E$10:$E$29) -> 0 | BC5: =COUNTIF('Continuity & Compilers'!$D$10:$D$29,">0") -> 6
A6: =A5+1 -> 45584 | B6: =SUMIFS('Daily Writing Log'!$H$5:$H$34,'Daily Writing Log'!$A$5:$A$34,$A6) -> 0 | C6: =SUMIFS('Daily Writing Log'!$I$5:$I$34,'Daily Writing Log'!$A$5:$A$34,$A6) -> 0 | D6: =IF($C6>=Config!$B$5,1,0) -> 0 | E6: =IF(MONTH($A6)<>MONTH($A5),0,$G5) -> 0 | F6: =IF(AND($D6=0,$H5>0,$E6<Config!$B$8,$A6<Config!$A$2),1,0) -> 0 | G6: =$E6+$F6 -> 0 | H6: =IF($D6=1,$H5+1,IF($F6=1,$H5,IF($A6=Config!$A$2,$H5,0))) -> 0 | J6: =J5+1 -> 46284 | K6: =SUMIFS('Daily Writing Log'!$H$5:$H$34,'Daily Writing Log'!$A$5:$A$34,$J6) -> 0 | M6: =IF('My Books'!$B6="","",IF(OR('My Books'!$F6=Config!$F$14,AND(N('My Books'!$G6)>0,N('My Books'!$Q6)>=N('My Books'!$G6))),"",IF(ISNUMBER('My Books'!$L6),'My Books'!$L6,99999)+ROW()/100000)) -> 46753 | O6: 2 | P6: =IF(COUNT($M$5:$M$24)<$O6,0,MATCH(SMALL($M$5:$M$24,$O6),$M$5:$M$24,0)+4) -> 6 | R6: Month Total (words) | S6: =SUMIFS('Daily Writing Log'!$H$5:$H$34,'Daily Writing Log'!$A$5:$A$34,">="&DATE(YEAR(Config!$A$2),MONTH(Config!$A$2),1),'Daily Writing Log'!$A$5:$A$34,"<="&EOMONTH(Config!$A$2,0)) -> 0 | U6: =IF($P6=0,"",INDEX('My Books'!$B$1:$B$24,$P6)) -> Gothic Fantasy 1 | V6: =IF($P6=0,0,N(INDEX('My Books'!$Q$1:$Q$24,$P6))) -> 0 | W6: =IF($P6=0,0,MAX(0,N(INDEX('My Books'!$G$1:$G$24,$P6))-N(INDEX('My Books'!$Q$1:$Q$24,$P6)))) -> 150000 | X6: =IF($P6=0,0,N(INDEX('My Books'!$N$1:$N$24,$P6))) -> 816 | Y6: =IF($P6=0,0,N(INDEX('My Books'!$O$1:$O$24,$P6))) -> 0 | Z6: =IF($P6=0,0,N(INDEX('My Books'!$H$1:$H$24,$P6))) -> 0 | AB6: =IF('My Books'!$B6="","",ROW()) -> 6 | AC6: 2 | AD6: =IF(COUNT($AB$5:$AB$24)<$AC6,0,MATCH(SMALL($AB$5:$AB$24,$AC6),$AB$5:$AB$24,0)+4) -> 6 | AE6: =IF($AD6=0,"",INDEX('My Books'!$B$1:$B$24,$AD6)) -> Gothic Fantasy 1 | AF6: =IF($AD6=0,0,N(INDEX('My Books'!$G$1:$G$24,$AD6))) -> 150000 | AG6: =IF($AD6=0,0,N(INDEX('My Books'!$H$1:$H$24,$AD6))) -> 0 | AH6: =IF($AD6=0,0,N(INDEX('My Books'!$Q$1:$Q$24,$AD6))) -> 0 | AI6: =IF($AD6=0,0,N(INDEX('My Books'!$N$1:$N$24,$AD6))) -> 816 | AJ6: =IF($AD6=0,0,N(INDEX('My Books'!$O$1:$O$24,$AD6))) -> 0 | AL6: =IF('Universes & Series'!$A6="","",ROW()) -> 6 | AM6: 2 | AN6: =IF(COUNT($AL$5:$AL$24)<$AM6,0,MATCH(SMALL($AL$5:$AL$24,$AM6),$AL$5:$AL$24,0)+4) -> 6 | AO6: =IF($AN6=0,"",INDEX('Universes & Series'!$A$1:$A$24,$AN6)) -> Gothic Fantasy Series | AP6: =IF($AN6=0,0,N(INDEX('Universes & Series'!$D$1:$D$24,$AN6))) -> 0 | AQ6: =IF($AN6=0,0,N(INDEX('Universes & Series'!$E$1:$E$24,$AN6))) -> 1 | AR6: =IF($AN6=0,0,MAX(0,N(INDEX('Universes & Series'!$C$1:$C$24,$AN6))-N(INDEX('Universes & Series'!$D$1:$D$24,$AN6))-N(INDEX('Universes & Series'!$E$1:$E$24,$AN6)))) -> 3 | AS6: =IF($AN6=0,0,SUMIF('My Books'!$E$5:$E$24,$AO6,'My Books'!$G$5:$G$24)) -> 150000 | AT6: =IF($AN6=0,0,N(INDEX('Universes & Series'!$F$1:$F$24,$AN6))) -> 0 | AV6: ="Year "&(YEAR(Config!$A$2)+1) -> Year 2027 | AW6: =SUMIF('My Books'!$A$5:$A$24,YEAR(Config!$A$2)+1,'My Books'!$G$5:$G$24) -> 350000 | AX6: =SUMIFS('Daily Writing Log'!$H$5:$H$34,'Daily Writing Log'!$A$5:$A$34,">="&DATE(YEAR(Config!$A$2)+1,1,1),'Daily Writing Log'!$A$5:$A$34,"<="&DATE(YEAR(Config!$A$2)+1,12,31)) -> 2600 | AY6: =Config!$B$7 -> 730000 | AZ6: =IF(ISNUMBER('Daily Writing Log'!$A6),WEEKDAY('Daily Writing Log'!$A6,2),0) -> 0 | BA6: TIME-* (Timeline/Routes) | BB6: =SUM('Continuity & Compilers'!$F$10:$F$29) -> 0 | BC6: =COUNTIF('Continuity & Compilers'!$D$10:$D$29,">0") -> 6
A7: =A6+1 -> 45585 | B7: =SUMIFS('Daily Writing Log'!$H$5:$H$34,'Daily Writing Log'!$A$5:$A$34,$A7) -> 0 | C7: =SUMIFS('Daily Writing Log'!$I$5:$I$34,'Daily Writing Log'!$A$5:$A$34,$A7) -> 0 | D7: =IF($C7>=Config!$B$5,1,0) -> 0 | E7: =IF(MONTH($A7)<>MONTH($A6),0,$G6) -> 0 | F7: =IF(AND($D7=0,$H6>0,$E7<Config!$B$8,$A7<Config!$A$2),1,0) -> 0 | G7: =$E7+$F7 -> 0 | H7: =IF($D7=1,$H6+1,IF($F7=1,$H6,IF($A7=Config!$A$2,$H6,0))) -> 0 | J7: =J6+1 -> 46285 | K7: =SUMIFS('Daily Writing Log'!$H$5:$H$34,'Daily Writing Log'!$A$5:$A$34,$J7) -> 0 | M7: =IF('My Books'!$B7="","",IF(OR('My Books'!$F7=Config!$F$14,AND(N('My Books'!$G7)>0,N('My Books'!$Q7)>=N('My Books'!$G7))),"",IF(ISNUMBER('My Books'!$L7),'My Books'!$L7,99999)+ROW()/100000)) -> 46874 | O7: 3 | P7: =IF(COUNT($M$5:$M$24)<$O7,0,MATCH(SMALL($M$5:$M$24,$O7),$M$5:$M$24,0)+4) -> 7 | R7: Year-to-Date (words) | S7: =SUMIFS('Daily Writing Log'!$H$5:$H$34,'Daily Writing Log'!$A$5:$A$34,">="&DATE(YEAR(Config!$A$2),1,1),'Daily Writing Log'!$A$5:$A$34,"<="&Config!$A$2) -> 0 | U7: =IF($P7=0,"",INDEX('My Books'!$B$1:$B$24,$P7)) -> Quest Fantasy 1 | V7: =IF($P7=0,0,N(INDEX('My Books'!$Q$1:$Q$24,$P7))) -> 0 | W7: =IF($P7=0,0,MAX(0,N(INDEX('My Books'!$G$1:$G$24,$P7))-N(INDEX('My Books'!$Q$1:$Q$24,$P7)))) -> 200000 | X7: =IF($P7=0,0,N(INDEX('My Books'!$N$1:$N$24,$P7))) -> 1653 | Y7: =IF($P7=0,0,N(INDEX('My Books'!$O$1:$O$24,$P7))) -> 0 | Z7: =IF($P7=0,0,N(INDEX('My Books'!$H$1:$H$24,$P7))) -> 0 | AB7: =IF('My Books'!$B7="","",ROW()) -> 7 | AC7: 3 | AD7: =IF(COUNT($AB$5:$AB$24)<$AC7,0,MATCH(SMALL($AB$5:$AB$24,$AC7),$AB$5:$AB$24,0)+4) -> 7 | AE7: =IF($AD7=0,"",INDEX('My Books'!$B$1:$B$24,$AD7)) -> Quest Fantasy 1 | AF7: =IF($AD7=0,0,N(INDEX('My Books'!$G$1:$G$24,$AD7))) -> 200000 | AG7: =IF($AD7=0,0,N(INDEX('My Books'!$H$1:$H$24,$AD7))) -> 0 | AH7: =IF($AD7=0,0,N(INDEX('My Books'!$Q$1:$Q$24,$AD7))) -> 0 | AI7: =IF($AD7=0,0,N(INDEX('My Books'!$N$1:$N$24,$AD7))) -> 1653 | AJ7: =IF($AD7=0,0,N(INDEX('My Books'!$O$1:$O$24,$AD7))) -> 0 | AL7: =IF('Universes & Series'!$A7="","",ROW()) -> 7 | AM7: 3 | AN7: =IF(COUNT($AL$5:$AL$24)<$AM7,0,MATCH(SMALL($AL$5:$AL$24,$AM7),$AL$5:$AL$24,0)+4) -> 7 | AO7: =IF($AN7=0,"",INDEX('Universes & Series'!$A$1:$A$24,$AN7)) -> Classic Quest Fantasy | AP7: =IF($AN7=0,0,N(INDEX('Universes & Series'!$D$1:$D$24,$AN7))) -> 0 | AQ7: =IF($AN7=0,0,N(INDEX('Universes & Series'!$E$1:$E$24,$AN7))) -> 1 | AR7: =IF($AN7=0,0,MAX(0,N(INDEX('Universes & Series'!$C$1:$C$24,$AN7))-N(INDEX('Universes & Series'!$D$1:$D$24,$AN7))-N(INDEX('Universes & Series'!$E$1:$E$24,$AN7)))) -> 2 | AS7: =IF($AN7=0,0,SUMIF('My Books'!$E$5:$E$24,$AO7,'My Books'!$G$5:$G$24)) -> 200000 | AT7: =IF($AN7=0,0,N(INDEX('Universes & Series'!$F$1:$F$24,$AN7))) -> 0 | AV7: ="Year "&(YEAR(Config!$A$2)+2) -> Year 2028 | AW7: =SUMIF('My Books'!$A$5:$A$24,YEAR(Config!$A$2)+2,'My Books'!$G$5:$G$24) -> 550000 | AX7: =SUMIFS('Daily Writing Log'!$H$5:$H$34,'Daily Writing Log'!$A$5:$A$34,">="&DATE(YEAR(Config!$A$2)+2,1,1),'Daily Writing Log'!$A$5:$A$34,"<="&DATE(YEAR(Config!$A$2)+2,12,31)) -> 0 | AY7: =Config!$B$7 -> 730000 | AZ7: =IF(ISNUMBER('Daily Writing Log'!$A7),WEEKDAY('Daily Writing Log'!$A7,2),0) -> 0 | BA7: CON-* (Conlang Linter) | BB7: =SUM('Continuity & Compilers'!$G$10:$G$29) -> 0 | BC7: =COUNTIF('Continuity & Compilers'!$D$10:$D$29,">0") -> 6
A8: =A7+1 -> 45586 | B8: =SUMIFS('Daily Writing Log'!$H$5:$H$34,'Daily Writing Log'!$A$5:$A$34,$A8) -> 0 | C8: =SUMIFS('Daily Writing Log'!$I$5:$I$34,'Daily Writing Log'!$A$5:$A$34,$A8) -> 0 | D8: =IF($C8>=Config!$B$5,1,0) -> 0 | E8: =IF(MONTH($A8)<>MONTH($A7),0,$G7) -> 0 | F8: =IF(AND($D8=0,$H7>0,$E8<Config!$B$8,$A8<Config!$A$2),1,0) -> 0 | G8: =$E8+$F8 -> 0 | H8: =IF($D8=1,$H7+1,IF($F8=1,$H7,IF($A8=Config!$A$2,$H7,0))) -> 0 | J8: =J7+1 -> 46286 | K8: =SUMIFS('Daily Writing Log'!$H$5:$H$34,'Daily Writing Log'!$A$5:$A$34,$J8) -> 0 | M8: =IF('My Books'!$B8="","",IF(OR('My Books'!$F8=Config!$F$14,AND(N('My Books'!$G8)>0,N('My Books'!$Q8)>=N('My Books'!$G8))),"",IF(ISNUMBER('My Books'!$L8),'My Books'!$L8,99999)+ROW()/100000)) -> 46997 | O8: 4 | P8: =IF(COUNT($M$5:$M$24)<$O8,0,MATCH(SMALL($M$5:$M$24,$O8),$M$5:$M$24,0)+4) -> 8 | R8: Current Streak (days) | S8: =$H$734 -> 2 | U8: =IF($P8=0,"",INDEX('My Books'!$B$1:$B$24,$P8)) -> Ruler of Sand Sea | V8: =IF($P8=0,0,N(INDEX('My Books'!$Q$1:$Q$24,$P8))) -> 0 | W8: =IF($P8=0,0,MAX(0,N(INDEX('My Books'!$G$1:$G$24,$P8))-N(INDEX('My Books'!$Q$1:$Q$24,$P8)))) -> 200000 | X8: =IF($P8=0,0,N(INDEX('My Books'!$N$1:$N$24,$P8))) -> 1627 | Y8: =IF($P8=0,0,N(INDEX('My Books'!$O$1:$O$24,$P8))) -> 0 | Z8: =IF($P8=0,0,N(INDEX('My Books'!$H$1:$H$24,$P8))) -> 0 | AB8: =IF('My Books'!$B8="","",ROW()) -> 8 | AC8: 4 | AD8: =IF(COUNT($AB$5:$AB$24)<$AC8,0,MATCH(SMALL($AB$5:$AB$24,$AC8),$AB$5:$AB$24,0)+4) -> 8 | AE8: =IF($AD8=0,"",INDEX('My Books'!$B$1:$B$24,$AD8)) -> Ruler of Sand Sea | AF8: =IF($AD8=0,0,N(INDEX('My Books'!$G$1:$G$24,$AD8))) -> 200000 | AG8: =IF($AD8=0,0,N(INDEX('My Books'!$H$1:$H$24,$AD8))) -> 0 | AH8: =IF($AD8=0,0,N(INDEX('My Books'!$Q$1:$Q$24,$AD8))) -> 0 | AI8: =IF($AD8=0,0,N(INDEX('My Books'!$N$1:$N$24,$AD8))) -> 1627 | AJ8: =IF($AD8=0,0,N(INDEX('My Books'!$O$1:$O$24,$AD8))) -> 0 | AL8: =IF('Universes & Series'!$A8="","",ROW()) -> 8 | AM8: 4 | AN8: =IF(COUNT($AL$5:$AL$24)<$AM8,0,MATCH(SMALL($AL$5:$AL$24,$AM8),$AL$5:$AL$24,0)+4) -> 8 | AO8: =IF($AN8=0,"",INDEX('Universes & Series'!$A$1:$A$24,$AN8)) -> Stormbreaker Chronicles | AP8: =IF($AN8=0,0,N(INDEX('Universes & Series'!$D$1:$D$24,$AN8))) -> 0 | AQ8: =IF($AN8=0,0,N(INDEX('Universes & Series'!$E$1:$E$24,$AN8))) -> 1 | AR8: =IF($AN8=0,0,MAX(0,N(INDEX('Universes & Series'!$C$1:$C$24,$AN8))-N(INDEX('Universes & Series'!$D$1:$D$24,$AN8))-N(INDEX('Universes & Series'!$E$1:$E$24,$AN8)))) -> 7 | AS8: =IF($AN8=0,0,SUMIF('My Books'!$E$5:$E$24,$AO8,'My Books'!$G$5:$G$24)) -> 150000 | AT8: =IF($AN8=0,0,N(INDEX('Universes & Series'!$F$1:$F$24,$AN8))) -> 0 | AV8: ="Year "&(YEAR(Config!$A$2)+3) -> Year 2029 | AW8: =SUMIF('My Books'!$A$5:$A$24,YEAR(Config!$A$2)+3,'My Books'!$G$5:$G$24) -> 0 | AX8: =SUMIFS('Daily Writing Log'!$H$5:$H$34,'Daily Writing Log'!$A$5:$A$34,">="&DATE(YEAR(Config!$A$2)+3,1,1),'Daily Writing Log'!$A$5:$A$34,"<="&DATE(YEAR(Config!$A$2)+3,12,31)) -> 0 | AY8: =Config!$B$7 -> 730000 | AZ8: =IF(ISNUMBER('Daily Writing Log'!$A8),WEEKDAY('Daily Writing Log'!$A8,2),0) -> 0 | BA8: LED-* (Resource Ledger) | BB8: =SUM('Continuity & Compilers'!$H$10:$H$29) -> 0 | BC8: =COUNTIF('Continuity & Compilers'!$D$10:$D$29,">0") -> 6
A9: =A8+1 -> 45587 | B9: =SUMIFS('Daily Writing Log'!$H$5:$H$34,'Daily Writing Log'!$A$5:$A$34,$A9) -> 0 | C9: =SUMIFS('Daily Writing Log'!$I$5:$I$34,'Daily Writing Log'!$A$5:$A$34,$A9) -> 0 | D9: =IF($C9>=Config!$B$5,1,0) -> 0 | E9: =IF(MONTH($A9)<>MONTH($A8),0,$G8) -> 0 | F9: =IF(AND($D9=0,$H8>0,$E9<Config!$B$8,$A9<Config!$A$2),1,0) -> 0 | G9: =$E9+$F9 -> 0 | H9: =IF($D9=1,$H8+1,IF($F9=1,$H8,IF($A9=Config!$A$2,$H8,0))) -> 0 | J9: =J8+1 -> 46287 | K9: =SUMIFS('Daily Writing Log'!$H$5:$H$34,'Daily Writing Log'!$A$5:$A$34,$J9) -> 0 | M9: =IF('My Books'!$B9="","",IF(OR('My Books'!$F9=Config!$F$14,AND(N('My Books'!$G9)>0,N('My Books'!$Q9)>=N('My Books'!$G9))),"",IF(ISNUMBER('My Books'!$L9),'My Books'!$L9,99999)+ROW()/100000)) -> 47119 | O9: 5 | P9: =IF(COUNT($M$5:$M$24)<$O9,0,MATCH(SMALL($M$5:$M$24,$O9),$M$5:$M$24,0)+4) -> 9 | R9: Best Streak (last 730d) | S9: =MAX($H$5:$H$734) -> 2 | U9: =IF($P9=0,"",INDEX('My Books'!$B$1:$B$24,$P9)) -> Company of the Storm | V9: =IF($P9=0,0,N(INDEX('My Books'!$Q$1:$Q$24,$P9))) -> 0 | W9: =IF($P9=0,0,MAX(0,N(INDEX('My Books'!$G$1:$G$24,$P9))-N(INDEX('My Books'!$Q$1:$Q$24,$P9)))) -> 150000 | X9: =IF($P9=0,0,N(INDEX('My Books'!$N$1:$N$24,$P9))) -> 1230 | Y9: =IF($P9=0,0,N(INDEX('My Books'!$O$1:$O$24,$P9))) -> 0 | Z9: =IF($P9=0,0,N(INDEX('My Books'!$H$1:$H$24,$P9))) -> 0 | AB9: =IF('My Books'!$B9="","",ROW()) -> 9 | AC9: 5 | AD9: =IF(COUNT($AB$5:$AB$24)<$AC9,0,MATCH(SMALL($AB$5:$AB$24,$AC9),$AB$5:$AB$24,0)+4) -> 9 | AE9: =IF($AD9=0,"",INDEX('My Books'!$B$1:$B$24,$AD9)) -> Company of the Storm | AF9: =IF($AD9=0,0,N(INDEX('My Books'!$G$1:$G$24,$AD9))) -> 150000 | AG9: =IF($AD9=0,0,N(INDEX('My Books'!$H$1:$H$24,$AD9))) -> 0 | AH9: =IF($AD9=0,0,N(INDEX('My Books'!$Q$1:$Q$24,$AD9))) -> 0 | AI9: =IF($AD9=0,0,N(INDEX('My Books'!$N$1:$N$24,$AD9))) -> 1230 | AJ9: =IF($AD9=0,0,N(INDEX('My Books'!$O$1:$O$24,$AD9))) -> 0 | AL9: =IF('Universes & Series'!$A9="","",ROW()) -> 9 | AM9: 5 | AN9: =IF(COUNT($AL$5:$AL$24)<$AM9,0,MATCH(SMALL($AL$5:$AL$24,$AM9),$AL$5:$AL$24,0)+4) -> 9 | AO9: =IF($AN9=0,"",INDEX('Universes & Series'!$A$1:$A$24,$AN9)) -> The Silver Chronicles | AP9: =IF($AN9=0,0,N(INDEX('Universes & Series'!$D$1:$D$24,$AN9))) -> 0 | AQ9: =IF($AN9=0,0,N(INDEX('Universes & Series'!$E$1:$E$24,$AN9))) -> 1 | AR9: =IF($AN9=0,0,MAX(0,N(INDEX('Universes & Series'!$C$1:$C$24,$AN9))-N(INDEX('Universes & Series'!$D$1:$D$24,$AN9))-N(INDEX('Universes & Series'!$E$1:$E$24,$AN9)))) -> 2 | AS9: =IF($AN9=0,0,SUMIF('My Books'!$E$5:$E$24,$AO9,'My Books'!$G$5:$G$24)) -> 120000 | AT9: =IF($AN9=0,0,N(INDEX('Universes & Series'!$F$1:$F$24,$AN9))) -> 7450 | AV9: ="Year "&(YEAR(Config!$A$2)+4) -> Year 2030 | AW9: =SUMIF('My Books'!$A$5:$A$24,YEAR(Config!$A$2)+4,'My Books'!$G$5:$G$24) -> 0 | AX9: =SUMIFS('Daily Writing Log'!$H$5:$H$34,'Daily Writing Log'!$A$5:$A$34,">="&DATE(YEAR(Config!$A$2)+4,1,1),'Daily Writing Log'!$A$5:$A$34,"<="&DATE(YEAR(Config!$A$2)+4,12,31)) -> 0 | AY9: =Config!$B$7 -> 730000 | AZ9: =IF(ISNUMBER('Daily Writing Log'!$A9),WEEKDAY('Daily Writing Log'!$A9,2),0) -> 0 | BA9: BRD-* (POV Droughts) | BB9: =SUM('Continuity & Compilers'!$I$10:$I$29) -> 0 | BC9: =COUNTIF('Continuity & Compilers'!$D$10:$D$29,">0") -> 6
A10: =A9+1 -> 45588 | B10: =SUMIFS('Daily Writing Log'!$H$5:$H$34,'Daily Writing Log'!$A$5:$A$34,$A10) -> 0 | C10: =SUMIFS('Daily Writing Log'!$I$5:$I$34,'Daily Writing Log'!$A$5:$A$34,$A10) -> 0 | D10: =IF($C10>=Config!$B$5,1,0) -> 0 | E10: =IF(MONTH($A10)<>MONTH($A9),0,$G9) -> 0 | F10: =IF(AND($D10=0,$H9>0,$E10<Config!$B$8,$A10<Config!$A$2),1,0) -> 0 | G10: =$E10+$F10 -> 0 | H10: =IF($D10=1,$H9+1,IF($F10=1,$H9,IF($A10=Config!$A$2,$H9,0))) -> 0 | J10: =J9+1 -> 46288 | K10: =SUMIFS('Daily Writing Log'!$H$5:$H$34,'Daily Writing Log'!$A$5:$A$34,$J10) -> 0 | M10: =IF('My Books'!$B10="","",IF(OR('My Books'!$F10=Config!$F$14,AND(N('My Books'!$G10)>0,N('My Books'!$Q10)>=N('My Books'!$G10))),"",IF(ISNUMBER('My Books'!$L10),'My Books'!$L10,99999)+ROW()/100000)) -> 99999 | O10: 6 | P10: =IF(COUNT($M$5:$M$24)<$O10,0,MATCH(SMALL($M$5:$M$24,$O10),$M$5:$M$24,0)+4) -> 10 | R10: Grace Days Left This Month | S10: =MAX(0,Config!$B$8-$G$734) -> 0 | U10: =IF($P10=0,"",INDEX('My Books'!$B$1:$B$24,$P10)) -> The Silver Chronicles | V10: =IF($P10=0,0,N(INDEX('My Books'!$Q$1:$Q$24,$P10))) -> 5700 | W10: =IF($P10=0,0,MAX(0,N(INDEX('My Books'!$G$1:$G$24,$P10))-N(INDEX('My Books'!$Q$1:$Q$24,$P10)))) -> 114300 | X10: =IF($P10=0,0,N(INDEX('My Books'!$N$1:$N$24,$P10))) -> 0 | Y10: =IF($P10=0,0,N(INDEX('My Books'!$O$1:$O$24,$P10))) -> 0 | Z10: =IF($P10=0,0,N(INDEX('My Books'!$H$1:$H$24,$P10))) -> 7450 | AB10: =IF('My Books'!$B10="","",ROW()) -> 10 | AC10: 6 | AD10: =IF(COUNT($AB$5:$AB$24)<$AC10,0,MATCH(SMALL($AB$5:$AB$24,$AC10),$AB$5:$AB$24,0)+4) -> 10 | AE10: =IF($AD10=0,"",INDEX('My Books'!$B$1:$B$24,$AD10)) -> The Silver Chronicles | AF10: =IF($AD10=0,0,N(INDEX('My Books'!$G$1:$G$24,$AD10))) -> 120000 | AG10: =IF($AD10=0,0,N(INDEX('My Books'!$H$1:$H$24,$AD10))) -> 7450 | AH10: =IF($AD10=0,0,N(INDEX('My Books'!$Q$1:$Q$24,$AD10))) -> 5700 | AI10: =IF($AD10=0,0,N(INDEX('My Books'!$N$1:$N$24,$AD10))) -> 0 | AJ10: =IF($AD10=0,0,N(INDEX('My Books'!$O$1:$O$24,$AD10))) -> 0 | AL10: =IF('Universes & Series'!$A10="","",ROW()) -> 10 | AM10: 6 | AN10: =IF(COUNT($AL$5:$AL$24)<$AM10,0,MATCH(SMALL($AL$5:$AL$24,$AM10),$AL$5:$AL$24,0)+4) -> 10 | AO10: =IF($AN10=0,"",INDEX('Universes & Series'!$A$1:$A$24,$AN10)) -> Silver Chronicles | AP10: =IF($AN10=0,0,N(INDEX('Universes & Series'!$D$1:$D$24,$AN10))) -> 0 | AQ10: =IF($AN10=0,0,N(INDEX('Universes & Series'!$E$1:$E$24,$AN10))) -> 0 | AR10: =IF($AN10=0,0,MAX(0,N(INDEX('Universes & Series'!$C$1:$C$24,$AN10))-N(INDEX('Universes & Series'!$D$1:$D$24,$AN10))-N(INDEX('Universes & Series'!$E$1:$E$24,$AN10)))) -> 3 | AS10: =IF($AN10=0,0,SUMIF('My Books'!$E$5:$E$24,$AO10,'My Books'!$G$5:$G$24)) -> 0 | AT10: =IF($AN10=0,0,N(INDEX('Universes & Series'!$F$1:$F$24,$AN10))) -> 0 | AZ10: =IF(ISNUMBER('Daily Writing Log'!$A10),WEEKDAY('Daily Writing Log'!$A10,2),0) -> 0
A11: =A10+1 -> 45589 | B11: =SUMIFS('Daily Writing Log'!$H$5:$H$34,'Daily Writing Log'!$A$5:$A$34,$A11) -> 0 | C11: =SUMIFS('Daily Writing Log'!$I$5:$I$34,'Daily Writing Log'!$A$5:$A$34,$A11) -> 0 | D11: =IF($C11>=Config!$B$5,1,0) -> 0 | E11: =IF(MONTH($A11)<>MONTH($A10),0,$G10) -> 0 | F11: =IF(AND($D11=0,$H10>0,$E11<Config!$B$8,$A11<Config!$A$2),1,0) -> 0 | G11: =$E11+$F11 -> 0 | H11: =IF($D11=1,$H10+1,IF($F11=1,$H10,IF($A11=Config!$A$2,$H10,0))) -> 0 | J11: =J10+1 -> 46289 | K11: =SUMIFS('Daily Writing Log'!$H$5:$H$34,'Daily Writing Log'!$A$5:$A$34,$J11) -> 0 | M11: =IF('My Books'!$B11="","",IF(OR('My Books'!$F11=Config!$F$14,AND(N('My Books'!$G11)>0,N('My Books'!$Q11)>=N('My Books'!$G11))),"",IF(ISNUMBER('My Books'!$L11),'My Books'!$L11,99999)+ROW()/100000)) | O11: 7 | P11: =IF(COUNT($M$5:$M$24)<$O11,0,MATCH(SMALL($M$5:$M$24,$O11),$M$5:$M$24,0)+4) -> 0 | R11: 30D Avg Words / Day | S11: =ROUND(SUM($K$5:$K$34)/30,0) -> 162 | U11: =IF($P11=0,"",INDEX('My Books'!$B$1:$B$24,$P11)) | V11: =IF($P11=0,0,N(INDEX('My Books'!$Q$1:$Q$24,$P11))) -> 0 | W11: =IF($P11=0,0,MAX(0,N(INDEX('My Books'!$G$1:$G$24,$P11))-N(INDEX('My Books'!$Q$1:$Q$24,$P11)))) -> 0 | X11: =IF($P11=0,0,N(INDEX('My Books'!$N$1:$N$24,$P11))) -> 0 | Y11: =IF($P11=0,0,N(INDEX('My Books'!$O$1:$O$24,$P11))) -> 0 | Z11: =IF($P11=0,0,N(INDEX('My Books'!$H$1:$H$24,$P11))) -> 0 | AB11: =IF('My Books'!$B11="","",ROW()) | AC11: 7 | AD11: =IF(COUNT($AB$5:$AB$24)<$AC11,0,MATCH(SMALL($AB$5:$AB$24,$AC11),$AB$5:$AB$24,0)+4) -> 0 | AE11: =IF($AD11=0,"",INDEX('My Books'!$B$1:$B$24,$AD11)) | AF11: =IF($AD11=0,0,N(INDEX('My Books'!$G$1:$G$24,$AD11))) -> 0 | AG11: =IF($AD11=0,0,N(INDEX('My Books'!$H$1:$H$24,$AD11))) -> 0 | AH11: =IF($AD11=0,0,N(INDEX('My Books'!$Q$1:$Q$24,$AD11))) -> 0 | AI11: =IF($AD11=0,0,N(INDEX('My Books'!$N$1:$N$24,$AD11))) -> 0 | AJ11: =IF($AD11=0,0,N(INDEX('My Books'!$O$1:$O$24,$AD11))) -> 0 | AL11: =IF('Universes & Series'!$A11="","",ROW()) | AZ11: =IF(ISNUMBER('Daily Writing Log'!$A11),WEEKDAY('Daily Writing Log'!$A11,2),0) -> 0
A12: =A11+1 -> 45590 | B12: =SUMIFS('Daily Writing Log'!$H$5:$H$34,'Daily Writing Log'!$A$5:$A$34,$A12) -> 0 | C12: =SUMIFS('Daily Writing Log'!$I$5:$I$34,'Daily Writing Log'!$A$5:$A$34,$A12) -> 0 | D12: =IF($C12>=Config!$B$5,1,0) -> 0 | E12: =IF(MONTH($A12)<>MONTH($A11),0,$G11) -> 0 | F12: =IF(AND($D12=0,$H11>0,$E12<Config!$B$8,$A12<Config!$A$2),1,0) -> 0 | G12: =$E12+$F12 -> 0 | H12: =IF($D12=1,$H11+1,IF($F12=1,$H11,IF($A12=Config!$A$2,$H11,0))) -> 0 | J12: =J11+1 -> 46290 | K12: =SUMIFS('Daily Writing Log'!$H$5:$H$34,'Daily Writing Log'!$A$5:$A$34,$J12) -> 0 | M12: =IF('My Books'!$B12="","",IF(OR('My Books'!$F12=Config!$F$14,AND(N('My Books'!$G12)>0,N('My Books'!$Q12)>=N('My Books'!$G12))),"",IF(ISNUMBER('My Books'!$L12),'My Books'!$L12,99999)+ROW()/100000)) | O12: 8 | P12: =IF(COUNT($M$5:$M$24)<$O12,0,MATCH(SMALL($M$5:$M$24,$O12),$M$5:$M$24,0)+4) -> 0 | R12: Total Goal-Met Days (730d) | S12: =SUM($D$5:$D$734) -> 2 | U12: =IF($P12=0,"",INDEX('My Books'!$B$1:$B$24,$P12)) | V12: =IF($P12=0,0,N(INDEX('My Books'!$Q$1:$Q$24,$P12))) -> 0 | W12: =IF($P12=0,0,MAX(0,N(INDEX('My Books'!$G$1:$G$24,$P12))-N(INDEX('My Books'!$Q$1:$Q$24,$P12)))) -> 0 | X12: =IF($P12=0,0,N(INDEX('My Books'!$N$1:$N$24,$P12))) -> 0 | Y12: =IF($P12=0,0,N(INDEX('My Books'!$O$1:$O$24,$P12))) -> 0 | Z12: =IF($P12=0,0,N(INDEX('My Books'!$H$1:$H$24,$P12))) -> 0 | AB12: =IF('My Books'!$B12="","",ROW()) | AC12: 8 | AD12: =IF(COUNT($AB$5:$AB$24)<$AC12,0,MATCH(SMALL($AB$5:$AB$24,$AC12),$AB$5:$AB$24,0)+4) -> 0 | AE12: =IF($AD12=0,"",INDEX('My Books'!$B$1:$B$24,$AD12)) | AF12: =IF($AD12=0,0,N(INDEX('My Books'!$G$1:$G$24,$AD12))) -> 0 | AG12: =IF($AD12=0,0,N(INDEX('My Books'!$H$1:$H$24,$AD12))) -> 0 | AH12: =IF($AD12=0,0,N(INDEX('My Books'!$Q$1:$Q$24,$AD12))) -> 0 | AI12: =IF($AD12=0,0,N(INDEX('My Books'!$N$1:$N$24,$AD12))) -> 0 | AJ12: =IF($AD12=0,0,N(INDEX('My Books'!$O$1:$O$24,$AD12))) -> 0 | AL12: =IF('Universes & Series'!$A12="","",ROW()) | AV12: Project Stage | AW12: Books in Stage | AX12: Target Words (k) | AZ12: =IF(ISNUMBER('Daily Writing Log'!$A12),WEEKDAY('Daily Writing Log'!$A12,2),0) -> 0 | BA12: Cataloged Book | BB12: Indexed Vault Docs | BC12: Excised Scraps
A13: =A12+1 -> 45591 | B13: =SUMIFS('Daily Writing Log'!$H$5:$H$34,'Daily Writing Log'!$A$5:$A$34,$A13) -> 0 | C13: =SUMIFS('Daily Writing Log'!$I$5:$I$34,'Daily Writing Log'!$A$5:$A$34,$A13) -> 0 | D13: =IF($C13>=Config!$B$5,1,0) -> 0 | E13: =IF(MONTH($A13)<>MONTH($A12),0,$G12) -> 0 | F13: =IF(AND($D13=0,$H12>0,$E13<Config!$B$8,$A13<Config!$A$2),1,0) -> 0 | G13: =$E13+$F13 -> 0 | H13: =IF($D13=1,$H12+1,IF($F13=1,$H12,IF($A13=Config!$A$2,$H12,0))) -> 0 | J13: =J12+1 -> 46291 | K13: =SUMIFS('Daily Writing Log'!$H$5:$H$34,'Daily Writing Log'!$A$5:$A$34,$J13) -> 0 | M13: =IF('My Books'!$B13="","",IF(OR('My Books'!$F13=Config!$F$14,AND(N('My Books'!$G13)>0,N('My Books'!$Q13)>=N('My Books'!$G13))),"",IF(ISNUMBER('My Books'!$L13),'My Books'!$L13,99999)+ROW()/100000)) | R13: Total Career Effort Points | S13: =SUM('Daily Writing Log'!$I$5:$I$34) -> 6200 | AB13: =IF('My Books'!$B13="","",ROW()) | AL13: =IF('Universes & Series'!$A13="","",ROW()) | AV13: =Config!$F$5 -> Concept | AW13: =COUNTIF('My Books'!$F$5:$F$24,$AV13) -> 5 | AX13: =ROUND(SUMIF('My Books'!$F$5:$F$24,$AV13,'My Books'!$G$5:$G$24)/1000,1) -> 900 | AZ13: =IF(ISNUMBER('Daily Writing Log'!$A13),WEEKDAY('Daily Writing Log'!$A13,2),0) -> 0 | BA13: ='Continuity & Compilers'!$A$10 -> Prisoner of Sand Sea | BB13: =N('Continuity & Compilers'!$D$10) -> 3 | BC13: =N('Continuity & Compilers'!$L$10) -> 0
A14: =A13+1 -> 45592 | B14: =SUMIFS('Daily Writing Log'!$H$5:$H$34,'Daily Writing Log'!$A$5:$A$34,$A14) -> 0 | C14: =SUMIFS('Daily Writing Log'!$I$5:$I$34,'Daily Writing Log'!$A$5:$A$34,$A14) -> 0 | D14: =IF($C14>=Config!$B$5,1,0) -> 0 | E14: =IF(MONTH($A14)<>MONTH($A13),0,$G13) -> 0 | F14: =IF(AND($D14=0,$H13>0,$E14<Config!$B$8,$A14<Config!$A$2),1,0) -> 0 | G14: =$E14+$F14 -> 0 | H14: =IF($D14=1,$H13+1,IF($F14=1,$H13,IF($A14=Config!$A$2,$H13,0))) -> 0 | J14: =J13+1 -> 46292 | K14: =SUMIFS('Daily Writing Log'!$H$5:$H$34,'Daily Writing Log'!$A$5:$A$34,$J14) -> 0 | M14: =IF('My Books'!$B14="","",IF(OR('My Books'!$F14=Config!$F$14,AND(N('My Books'!$G14)>0,N('My Books'!$Q14)>=N('My Books'!$G14))),"",IF(ISNUMBER('My Books'!$L14),'My Books'!$L14,99999)+ROW()/100000)) | R14: Avg Words / Hour (Logged) | S14: =IF(SUM('Daily Writing Log'!$L$5:$L$34)>0,ROUND(SUM('Daily Writing Log'!$H$5:$H$34)/(SUM('Daily Writing Log'!$L$5:$L$34)/60),0),0) -> 1568 | AB14: =IF('My Books'!$B14="","",ROW()) | AL14: =IF('Universes & Series'!$A14="","",ROW()) | AV14: =Config!$F$6 -> Pre-Draft Outline | AW14: =COUNTIF('My Books'!$F$5:$F$24,$AV14) -> 0 | AX14: =ROUND(SUMIF('My Books'!$F$5:$F$24,$AV14,'My Books'!$G$5:$G$24)/1000,1) -> 0 | AZ14: =IF(ISNUMBER('Daily Writing Log'!$A14),WEEKDAY('Daily Writing Log'!$A14,2),0) -> 0 | BA14: ='Continuity & Compilers'!$A$11 -> Gothic Fantasy 1 | BB14: =N('Continuity & Compilers'!$D$11) -> 2 | BC14: =N('Continuity & Compilers'!$L$11) -> 0
A15: =A14+1 -> 45593 | B15: =SUMIFS('Daily Writing Log'!$H$5:$H$34,'Daily Writing Log'!$A$5:$A$34,$A15) -> 0 | C15: =SUMIFS('Daily Writing Log'!$I$5:$I$34,'Daily Writing Log'!$A$5:$A$34,$A15) -> 0 | D15: =IF($C15>=Config!$B$5,1,0) -> 0 | E15: =IF(MONTH($A15)<>MONTH($A14),0,$G14) -> 0 | F15: =IF(AND($D15=0,$H14>0,$E15<Config!$B$8,$A15<Config!$A$2),1,0) -> 0 | G15: =$E15+$F15 -> 0 | H15: =IF($D15=1,$H14+1,IF($F15=1,$H14,IF($A15=Config!$A$2,$H14,0))) -> 0 | J15: =J14+1 -> 46293 | K15: =SUMIFS('Daily Writing Log'!$H$5:$H$34,'Daily Writing Log'!$A$5:$A$34,$J15) -> 0 | M15: =IF('My Books'!$B15="","",IF(OR('My Books'!$F15=Config!$F$14,AND(N('My Books'!$G15)>0,N('My Books'!$Q15)>=N('My Books'!$G15))),"",IF(ISNUMBER('My Books'!$L15),'My Books'!$L15,99999)+ROW()/100000)) | AB15: =IF('My Books'!$B15="","",ROW()) | AL15: =IF('Universes & Series'!$A15="","",ROW()) | AV15: =Config!$F$7 -> Drafting | AW15: =COUNTIF('My Books'!$F$5:$F$24,$AV15) -> 1 | AX15: =ROUND(SUMIF('My Books'!$F$5:$F$24,$AV15,'My Books'!$G$5:$G$24)/1000,1) -> 120 | AZ15: =IF(ISNUMBER('Daily Writing Log'!$A15),WEEKDAY('Daily Writing Log'!$A15,2),0) -> 0 | BA15: ='Continuity & Compilers'!$A$12 -> Quest Fantasy 1 | BB15: =N('Continuity & Compilers'!$D$12) -> 1 | BC15: =N('Continuity & Compilers'!$L$12) -> 0
A16: =A15+1 -> 45594 | B16: =SUMIFS('Daily Writing Log'!$H$5:$H$34,'Daily Writing Log'!$A$5:$A$34,$A16) -> 0 | C16: =SUMIFS('Daily Writing Log'!$I$5:$I$34,'Daily Writing Log'!$A$5:$A$34,$A16) -> 0 | D16: =IF($C16>=Config!$B$5,1,0) -> 0 | E16: =IF(MONTH($A16)<>MONTH($A15),0,$G15) -> 0 | F16: =IF(AND($D16=0,$H15>0,$E16<Config!$B$8,$A16<Config!$A$2),1,0) -> 0 | G16: =$E16+$F16 -> 0 | H16: =IF($D16=1,$H15+1,IF($F16=1,$H15,IF($A16=Config!$A$2,$H15,0))) -> 0 | J16: =J15+1 -> 46294 | K16: =SUMIFS('Daily Writing Log'!$H$5:$H$34,'Daily Writing Log'!$A$5:$A$34,$J16) -> 0 | M16: =IF('My Books'!$B16="","",IF(OR('My Books'!$F16=Config!$F$14,AND(N('My Books'!$G16)>0,N('My Books'!$Q16)>=N('My Books'!$G16))),"",IF(ISNUMBER('My Books'!$L16),'My Books'!$L16,99999)+ROW()/100000)) | AB16: =IF('My Books'!$B16="","",ROW()) | AL16: =IF('Universes & Series'!$A16="","",ROW()) | AV16: =Config!$F$8 -> Pre-Revision Outline | AW16: =COUNTIF('My Books'!$F$5:$F$24,$AV16) -> 0 | AX16: =ROUND(SUMIF('My Books'!$F$5:$F$24,$AV16,'My Books'!$G$5:$G$24)/1000,1) -> 0 | AZ16: =IF(ISNUMBER('Daily Writing Log'!$A16),WEEKDAY('Daily Writing Log'!$A16,2),0) -> 0 | BA16: ='Continuity & Compilers'!$A$13 -> Ruler of Sand Sea | BB16: =N('Continuity & Compilers'!$D$13) -> 1 | BC16: =N('Continuity & Compilers'!$L$13) -> 0
A17: =A16+1 -> 45595 | B17: =SUMIFS('Daily Writing Log'!$H$5:$H$34,'Daily Writing Log'!$A$5:$A$34,$A17) -> 0 | C17: =SUMIFS('Daily Writing Log'!$I$5:$I$34,'Daily Writing Log'!$A$5:$A$34,$A17) -> 0 | D17: =IF($C17>=Config!$B$5,1,0) -> 0 | E17: =IF(MONTH($A17)<>MONTH($A16),0,$G16) -> 0 | F17: =IF(AND($D17=0,$H16>0,$E17<Config!$B$8,$A17<Config!$A$2),1,0) -> 0 | G17: =$E17+$F17 -> 0 | H17: =IF($D17=1,$H16+1,IF($F17=1,$H16,IF($A17=Config!$A$2,$H16,0))) -> 0 | J17: =J16+1 -> 46295 | K17: =SUMIFS('Daily Writing Log'!$H$5:$H$34,'Daily Writing Log'!$A$5:$A$34,$J17) -> 0 | M17: =IF('My Books'!$B17="","",IF(OR('My Books'!$F17=Config!$F$14,AND(N('My Books'!$G17)>0,N('My Books'!$Q17)>=N('My Books'!$G17))),"",IF(ISNUMBER('My Books'!$L17),'My Books'!$L17,99999)+ROW()/100000)) | AB17: =IF('My Books'!$B17="","",ROW()) | AL17: =IF('Universes & Series'!$A17="","",ROW()) | AV17: =Config!$F$9 -> Revision | AW17: =COUNTIF('My Books'!$F$5:$F$24,$AV17) -> 0 | AX17: =ROUND(SUMIF('My Books'!$F$5:$F$24,$AV17,'My Books'!$G$5:$G$24)/1000,1) -> 0 | AZ17: =IF(ISNUMBER('Daily Writing Log'!$A17),WEEKDAY('Daily Writing Log'!$A17,2),0) -> 0 | BA17: ='Continuity & Compilers'!$A$14 -> Company of the Storm | BB17: =N('Continuity & Compilers'!$D$14) -> 1 | BC17: =N('Continuity & Compilers'!$L$14) -> 0
A18: =A17+1 -> 45596 | B18: =SUMIFS('Daily Writing Log'!$H$5:$H$34,'Daily Writing Log'!$A$5:$A$34,$A18) -> 0 | C18: =SUMIFS('Daily Writing Log'!$I$5:$I$34,'Daily Writing Log'!$A$5:$A$34,$A18) -> 0 | D18: =IF($C18>=Config!$B$5,1,0) -> 0 | E18: =IF(MONTH($A18)<>MONTH($A17),0,$G17) -> 0 | F18: =IF(AND($D18=0,$H17>0,$E18<Config!$B$8,$A18<Config!$A$2),1,0) -> 0 | G18: =$E18+$F18 -> 0 | H18: =IF($D18=1,$H17+1,IF($F18=1,$H17,IF($A18=Config!$A$2,$H17,0))) -> 0 | J18: =J17+1 -> 46296 | K18: =SUMIFS('Daily Writing Log'!$H$5:$H$34,'Daily Writing Log'!$A$5:$A$34,$J18) -> 0 | M18: =IF('My Books'!$B18="","",IF(OR('My Books'!$F18=Config!$F$14,AND(N('My Books'!$G18)>0,N('My Books'!$Q18)>=N('My Books'!$G18))),"",IF(ISNUMBER('My Books'!$L18),'My Books'!$L18,99999)+ROW()/100000)) | AB18: =IF('My Books'!$B18="","",ROW()) | AL18: =IF('Universes & Series'!$A18="","",ROW()) | AV18: =Config!$F$10 -> Beta Review | AW18: =COUNTIF('My Books'!$F$5:$F$24,$AV18) -> 0 | AX18: =ROUND(SUMIF('My Books'!$F$5:$F$24,$AV18,'My Books'!$G$5:$G$24)/1000,1) -> 0 | AZ18: =IF(ISNUMBER('Daily Writing Log'!$A18),WEEKDAY('Daily Writing Log'!$A18,2),0) -> 0 | BA18: ='Continuity & Compilers'!$A$15 -> The Silver Chronicles | BB18: =N('Continuity & Compilers'!$D$15) -> 20 | BC18: =N('Continuity & Compilers'!$L$15) -> 1
A19: =A18+1 -> 45597 | B19: =SUMIFS('Daily Writing Log'!$H$5:$H$34,'Daily Writing Log'!$A$5:$A$34,$A19) -> 0 | C19: =SUMIFS('Daily Writing Log'!$I$5:$I$34,'Daily Writing Log'!$A$5:$A$34,$A19) -> 0 | D19: =IF($C19>=Config!$B$5,1,0) -> 0 | E19: =IF(MONTH($A19)<>MONTH($A18),0,$G18) -> 0 | F19: =IF(AND($D19=0,$H18>0,$E19<Config!$B$8,$A19<Config!$A$2),1,0) -> 0 | G19: =$E19+$F19 -> 0 | H19: =IF($D19=1,$H18+1,IF($F19=1,$H18,IF($A19=Config!$A$2,$H18,0))) -> 0 | J19: =J18+1 -> 46297 | K19: =SUMIFS('Daily Writing Log'!$H$5:$H$34,'Daily Writing Log'!$A$5:$A$34,$J19) -> 0 | M19: =IF('My Books'!$B19="","",IF(OR('My Books'!$F19=Config!$F$14,AND(N('My Books'!$G19)>0,N('My Books'!$Q19)>=N('My Books'!$G19))),"",IF(ISNUMBER('My Books'!$L19),'My Books'!$L19,99999)+ROW()/100000)) | AB19: =IF('My Books'!$B19="","",ROW()) | AL19: =IF('Universes & Series'!$A19="","",ROW()) | AV19: =Config!$F$11 -> Proofing | AW19: =COUNTIF('My Books'!$F$5:$F$24,$AV19) -> 0 | AX19: =ROUND(SUMIF('My Books'!$F$5:$F$24,$AV19,'My Books'!$G$5:$G$24)/1000,1) -> 0 | AZ19: =IF(ISNUMBER('Daily Writing Log'!$A19),WEEKDAY('Daily Writing Log'!$A19,2),0) -> 0
A20: =A19+1 -> 45598 | B20: =SUMIFS('Daily Writing Log'!$H$5:$H$34,'Daily Writing Log'!$A$5:$A$34,$A20) -> 0 | C20: =SUMIFS('Daily Writing Log'!$I$5:$I$34,'Daily Writing Log'!$A$5:$A$34,$A20) -> 0 | D20: =IF($C20>=Config!$B$5,1,0) -> 0 | E20: =IF(MONTH($A20)<>MONTH($A19),0,$G19) -> 0 | F20: =IF(AND($D20=0,$H19>0,$E20<Config!$B$8,$A20<Config!$A$2),1,0) -> 0 | G20: =$E20+$F20 -> 0 | H20: =IF($D20=1,$H19+1,IF($F20=1,$H19,IF($A20=Config!$A$2,$H19,0))) -> 0 | J20: =J19+1 -> 46298 | K20: =SUMIFS('Daily Writing Log'!$H$5:$H$34,'Daily Writing Log'!$A$5:$A$34,$J20) -> 0 | M20: =IF('My Books'!$B20="","",IF(OR('My Books'!$F20=Config!$F$14,AND(N('My Books'!$G20)>0,N('My Books'!$Q20)>=N('My Books'!$G20))),"",IF(ISNUMBER('My Books'!$L20),'My Books'!$L20,99999)+ROW()/100000)) | AB20: =IF('My Books'!$B20="","",ROW()) | AL20: =IF('Universes & Series'!$A20="","",ROW()) | AV20: =Config!$F$12 -> Querying | AW20: =COUNTIF('My Books'!$F$5:$F$24,$AV20) -> 0 | AX20: =ROUND(SUMIF('My Books'!$F$5:$F$24,$AV20,'My Books'!$G$5:$G$24)/1000,1) -> 0 | AZ20: =IF(ISNUMBER('Daily Writing Log'!$A20),WEEKDAY('Daily Writing Log'!$A20,2),0) -> 0
A21: =A20+1 -> 45599 | B21: =SUMIFS('Daily Writing Log'!$H$5:$H$34,'Daily Writing Log'!$A$5:$A$34,$A21) -> 0 | C21: =SUMIFS('Daily Writing Log'!$I$5:$I$34,'Daily Writing Log'!$A$5:$A$34,$A21) -> 0 | D21: =IF($C21>=Config!$B$5,1,0) -> 0 | E21: =IF(MONTH($A21)<>MONTH($A20),0,$G20) -> 0 | F21: =IF(AND($D21=0,$H20>0,$E21<Config!$B$8,$A21<Config!$A$2),1,0) -> 0 | G21: =$E21+$F21 -> 0 | H21: =IF($D21=1,$H20+1,IF($F21=1,$H20,IF($A21=Config!$A$2,$H20,0))) -> 0 | J21: =J20+1 -> 46299 | K21: =SUMIFS('Daily Writing Log'!$H$5:$H$34,'Daily Writing Log'!$A$5:$A$34,$J21) -> 0 | M21: =IF('My Books'!$B21="","",IF(OR('My Books'!$F21=Config!$F$14,AND(N('My Books'!$G21)>0,N('My Books'!$Q21)>=N('My Books'!$G21))),"",IF(ISNUMBER('My Books'!$L21),'My Books'!$L21,99999)+ROW()/100000)) | AB21: =IF('My Books'!$B21="","",ROW()) | AL21: =IF('Universes & Series'!$A21="","",ROW()) | AV21: =Config!$F$13 -> Publishing | AW21: =COUNTIF('My Books'!$F$5:$F$24,$AV21) -> 0 | AX21: =ROUND(SUMIF('My Books'!$F$5:$F$24,$AV21,'My Books'!$G$5:$G$24)/1000,1) -> 0 | AZ21: =IF(ISNUMBER('Daily Writing Log'!$A21),WEEKDAY('Daily Writing Log'!$A21,2),0) -> 0 | BA21: World Bible Domain | BB21: Canonical Entities
A22: =A21+1 -> 45600 | B22: =SUMIFS('Daily Writing Log'!$H$5:$H$34,'Daily Writing Log'!$A$5:$A$34,$A22) -> 0 | C22: =SUMIFS('Daily Writing Log'!$I$5:$I$34,'Daily Writing Log'!$A$5:$A$34,$A22) -> 0 | D22: =IF($C22>=Config!$B$5,1,0) -> 0 | E22: =IF(MONTH($A22)<>MONTH($A21),0,$G21) -> 0 | F22: =IF(AND($D22=0,$H21>0,$E22<Config!$B$8,$A22<Config!$A$2),1,0) -> 0 | G22: =$E22+$F22 -> 0 | H22: =IF($D22=1,$H21+1,IF($F22=1,$H21,IF($A22=Config!$A$2,$H21,0))) -> 0 | J22: =J21+1 -> 46300 | K22: =SUMIFS('Daily Writing Log'!$H$5:$H$34,'Daily Writing Log'!$A$5:$A$34,$J22) -> 0 | M22: =IF('My Books'!$B22="","",IF(OR('My Books'!$F22=Config!$F$14,AND(N('My Books'!$G22)>0,N('My Books'!$Q22)>=N('My Books'!$G22))),"",IF(ISNUMBER('My Books'!$L22),'My Books'!$L22,99999)+ROW()/100000)) | AB22: =IF('My Books'!$B22="","",ROW()) | AL22: =IF('Universes & Series'!$A22="","",ROW()) | AV22: =Config!$F$14 -> Published | AW22: =COUNTIF('My Books'!$F$5:$F$24,$AV22) -> 0 | AX22: =ROUND(SUMIF('My Books'!$F$5:$F$24,$AV22,'My Books'!$G$5:$G$24)/1000,1) -> 0 | AZ22: =IF(ISNUMBER('Daily Writing Log'!$A22),WEEKDAY('Daily Writing Log'!$A22,2),0) -> 0 | BA22: Characters | BB22: =SUM('World Bible & Lore'!$C$10:$C$29) -> 20
A23: =A22+1 -> 45601 | B23: =SUMIFS('Daily Writing Log'!$H$5:$H$34,'Daily Writing Log'!$A$5:$A$34,$A23) -> 0 | C23: =SUMIFS('Daily Writing Log'!$I$5:$I$34,'Daily Writing Log'!$A$5:$A$34,$A23) -> 0 | D23: =IF($C23>=Config!$B$5,1,0) -> 0 | E23: =IF(MONTH($A23)<>MONTH($A22),0,$G22) -> 0 | F23: =IF(AND($D23=0,$H22>0,$E23<Config!$B$8,$A23<Config!$A$2),1,0) -> 0 | G23: =$E23+$F23 -> 0 | H23: =IF($D23=1,$H22+1,IF($F23=1,$H22,IF($A23=Config!$A$2,$H22,0))) -> 0 | J23: =J22+1 -> 46301 | K23: =SUMIFS('Daily Writing Log'!$H$5:$H$34,'Daily Writing Log'!$A$5:$A$34,$J23) -> 0 | M23: =IF('My Books'!$B23="","",IF(OR('My Books'!$F23=Config!$F$14,AND(N('My Books'!$G23)>0,N('My Books'!$Q23)>=N('My Books'!$G23))),"",IF(ISNUMBER('My Books'!$L23),'My Books'!$L23,99999)+ROW()/100000)) | AB23: =IF('My Books'!$B23="","",ROW()) | AL23: =IF('Universes & Series'!$A23="","",ROW()) | AZ23: =IF(ISNUMBER('Daily Writing Log'!$A23),WEEKDAY('Daily Writing Log'!$A23,2),0) -> 0 | BA23: Locations & Routes | BB23: =SUM('World Bible & Lore'!$D$10:$D$29) -> 21
A24: =A23+1 -> 45602 | B24: =SUMIFS('Daily Writing Log'!$H$5:$H$34,'Daily Writing Log'!$A$5:$A$34,$A24) -> 0 | C24: =SUMIFS('Daily Writing Log'!$I$5:$I$34,'Daily Writing Log'!$A$5:$A$34,$A24) -> 0 | D24: =IF($C24>=Config!$B$5,1,0) -> 0 | E24: =IF(MONTH($A24)<>MONTH($A23),0,$G23) -> 0 | F24: =IF(AND($D24=0,$H23>0,$E24<Config!$B$8,$A24<Config!$A$2),1,0) -> 0 | G24: =$E24+$F24 -> 0 | H24: =IF($D24=1,$H23+1,IF($F24=1,$H23,IF($A24=Config!$A$2,$H23,0))) -> 0 | J24: =J23+1 -> 46302 | K24: =SUMIFS('Daily Writing Log'!$H$5:$H$34,'Daily Writing Log'!$A$5:$A$34,$J24) -> 0 | M24: =IF('My Books'!$B24="","",IF(OR('My Books'!$F24=Config!$F$14,AND(N('My Books'!$G24)>0,N('My Books'!$Q24)>=N('My Books'!$G24))),"",IF(ISNUMBER('My Books'!$L24),'My Books'!$L24,99999)+ROW()/100000)) | AB24: =IF('My Books'!$B24="","",ROW()) | AL24: =IF('Universes & Series'!$A24="","",ROW()) | AZ24: =IF(ISNUMBER('Daily Writing Log'!$A24),WEEKDAY('Daily Writing Log'!$A24,2),0) -> 0 | BA24: Magic & Technology | BB24: =SUM('World Bible & Lore'!$E$10:$E$29) -> 10
A25: =A24+1 -> 45603 | B25: =SUMIFS('Daily Writing Log'!$H$5:$H$34,'Daily Writing Log'!$A$5:$A$34,$A25) -> 0 | C25: =SUMIFS('Daily Writing Log'!$I$5:$I$34,'Daily Writing Log'!$A$5:$A$34,$A25) -> 0 | D25: =IF($C25>=Config!$B$5,1,0) -> 0 | E25: =IF(MONTH($A25)<>MONTH($A24),0,$G24) -> 0 | F25: =IF(AND($D25=0,$H24>0,$E25<Config!$B$8,$A25<Config!$A$2),1,0) -> 0 | G25: =$E25+$F25 -> 0 | H25: =IF($D25=1,$H24+1,IF($F25=1,$H24,IF($A25=Config!$A$2,$H24,0))) -> 0 | J25: =J24+1 -> 46303 | K25: =SUMIFS('Daily Writing Log'!$H$5:$H$34,'Daily Writing Log'!$A$5:$A$34,$J25) -> 0 | AV25: Creative Pillar | AW25: Raw Words Logged | AX25: Weighted Effort Points | AZ25: =IF(ISNUMBER('Daily Writing Log'!$A25),WEEKDAY('Daily Writing Log'!$A25,2),0) -> 0 | BA25: Conlang Lexemes | BB25: =SUM('World Bible & Lore'!$F$10:$F$29) -> 15
A26: =A25+1 -> 45604 | B26: =SUMIFS('Daily Writing Log'!$H$5:$H$34,'Daily Writing Log'!$A$5:$A$34,$A26) -> 0 | C26: =SUMIFS('Daily Writing Log'!$I$5:$I$34,'Daily Writing Log'!$A$5:$A$34,$A26) -> 0 | D26: =IF($C26>=Config!$B$5,1,0) -> 0 | E26: =IF(MONTH($A26)<>MONTH($A25),0,$G25) -> 0 | F26: =IF(AND($D26=0,$H25>0,$E26<Config!$B$8,$A26<Config!$A$2),1,0) -> 0 | G26: =$E26+$F26 -> 0 | H26: =IF($D26=1,$H25+1,IF($F26=1,$H25,IF($A26=Config!$A$2,$H25,0))) -> 0 | J26: =J25+1 -> 46304 | K26: =SUMIFS('Daily Writing Log'!$H$5:$H$34,'Daily Writing Log'!$A$5:$A$34,$J26) -> 0 | AV26: Worldbuilding | AW26: =SUM('Daily Writing Log'!$D$5:$D$34) -> 800 | AX26: =ROUND(SUM('Daily Writing Log'!$D$5:$D$34)*Config!$B$14,0) -> 400 | AZ26: =IF(ISNUMBER('Daily Writing Log'!$A26),WEEKDAY('Daily Writing Log'!$A26,2),0) -> 0 | BA26: Factions & Lineages | BB26: =SUM('World Bible & Lore'!$G$10:$G$29) -> 13
A27: =A26+1 -> 45605 | B27: =SUMIFS('Daily Writing Log'!$H$5:$H$34,'Daily Writing Log'!$A$5:$A$34,$A27) -> 0 | C27: =SUMIFS('Daily Writing Log'!$I$5:$I$34,'Daily Writing Log'!$A$5:$A$34,$A27) -> 0 | D27: =IF($C27>=Config!$B$5,1,0) -> 0 | E27: =IF(MONTH($A27)<>MONTH($A26),0,$G26) -> 0 | F27: =IF(AND($D27=0,$H26>0,$E27<Config!$B$8,$A27<Config!$A$2),1,0) -> 0 | G27: =$E27+$F27 -> 0 | H27: =IF($D27=1,$H26+1,IF($F27=1,$H26,IF($A27=Config!$A$2,$H26,0))) -> 0 | J27: =J26+1 -> 46305 | K27: =SUMIFS('Daily Writing Log'!$H$5:$H$34,'Daily Writing Log'!$A$5:$A$34,$J27) -> 0 | AV27: Outlining | AW27: =SUM('Daily Writing Log'!$E$5:$E$34) -> 200 | AX27: =ROUND(SUMIFS('Daily Writing Log'!$E$5:$E$34,'Daily Writing Log'!$C$5:$C$34,"Pre-Draft Outline")*Config!$B$11+SUMIFS('Daily Writing Log'!$E$5:$E$34,'Daily Writing Log'!$C$5:$C$34,"Pre-Revision Outline")*Config!$B$12+(SUM('Daily Writing Log'!$E$5:$E$34)-SUMIFS('Daily Writing Log'!$E$5:$E$34,'Daily Writing Log'!$C$5:$C$34,"Pre-Draft Outline")-SUMIFS('Daily Writing Log'!$E$5:$E$34,'Daily Writing Log'!$C$5:$C$34,"Pre-Revision Outline"))*Config!$B$13,0) -> 100 | AZ27: =IF(ISNUMBER('Daily Writing Log'!$A27),WEEKDAY('Daily Writing Log'!$A27,2),0) -> 0 | BA27: Artifacts & Bestiary | BB27: =SUM('World Bible & Lore'!$H$10:$H$29) -> 14
A28: =A27+1 -> 45606 | B28: =SUMIFS('Daily Writing Log'!$H$5:$H$34,'Daily Writing Log'!$A$5:$A$34,$A28) -> 0 | C28: =SUMIFS('Daily Writing Log'!$I$5:$I$34,'Daily Writing Log'!$A$5:$A$34,$A28) -> 0 | D28: =IF($C28>=Config!$B$5,1,0) -> 0 | E28: =IF(MONTH($A28)<>MONTH($A27),0,$G27) -> 0 | F28: =IF(AND($D28=0,$H27>0,$E28<Config!$B$8,$A28<Config!$A$2),1,0) -> 0 | G28: =$E28+$F28 -> 0 | H28: =IF($D28=1,$H27+1,IF($F28=1,$H27,IF($A28=Config!$A$2,$H27,0))) -> 0 | J28: =J27+1 -> 46306 | K28: =SUMIFS('Daily Writing Log'!$H$5:$H$34,'Daily Writing Log'!$A$5:$A$34,$J28) -> 0 | AV28: First Draft Prose | AW28: =SUM('Daily Writing Log'!$F$5:$F$34) -> 5700 | AX28: =ROUND(SUM('Daily Writing Log'!$F$5:$F$34)*Config!$B$10,0) -> 5700 | AZ28: =IF(ISNUMBER('Daily Writing Log'!$A28),WEEKDAY('Daily Writing Log'!$A28,2),0) -> 0 | BA28: History & Cosmology | BB28: =SUM('World Bible & Lore'!$I$10:$I$29) -> 13
A29: =A28+1 -> 45607 | B29: =SUMIFS('Daily Writing Log'!$H$5:$H$34,'Daily Writing Log'!$A$5:$A$34,$A29) -> 0 | C29: =SUMIFS('Daily Writing Log'!$I$5:$I$34,'Daily Writing Log'!$A$5:$A$34,$A29) -> 0 | D29: =IF($C29>=Config!$B$5,1,0) -> 0 | E29: =IF(MONTH($A29)<>MONTH($A28),0,$G28) -> 0 | F29: =IF(AND($D29=0,$H28>0,$E29<Config!$B$8,$A29<Config!$A$2),1,0) -> 0 | G29: =$E29+$F29 -> 0 | H29: =IF($D29=1,$H28+1,IF($F29=1,$H28,IF($A29=Config!$A$2,$H28,0))) -> 0 | J29: =J28+1 -> 46307 | K29: =SUMIFS('Daily Writing Log'!$H$5:$H$34,'Daily Writing Log'!$A$5:$A$34,$J29) -> 2450 | AV29: Revisions | AW29: =SUM('Daily Writing Log'!$G$5:$G$34) -> 750 | AX29: =ROUND(SUMIFS('Daily Writing Log'!$G$5:$G$34,'Daily Writing Log'!$C$5:$C$34,"Revision")*Config!$B$15+(SUM('Daily Writing Log'!$G$5:$G$34)-SUMIFS('Daily Writing Log'!$G$5:$G$34,'Daily Writing Log'!$C$5:$C$34,"Revision"))*Config!$B$16,0) -> 0 | AZ29: =IF(ISNUMBER('Daily Writing Log'!$A29),WEEKDAY('Daily Writing Log'!$A29,2),0) -> 0
A30: =A29+1 -> 45608 | B30: =SUMIFS('Daily Writing Log'!$H$5:$H$34,'Daily Writing Log'!$A$5:$A$34,$A30) -> 0 | C30: =SUMIFS('Daily Writing Log'!$I$5:$I$34,'Daily Writing Log'!$A$5:$A$34,$A30) -> 0 | D30: =IF($C30>=Config!$B$5,1,0) -> 0 | E30: =IF(MONTH($A30)<>MONTH($A29),0,$G29) -> 0 | F30: =IF(AND($D30=0,$H29>0,$E30<Config!$B$8,$A30<Config!$A$2),1,0) -> 0 | G30: =$E30+$F30 -> 0 | H30: =IF($D30=1,$H29+1,IF($F30=1,$H29,IF($A30=Config!$A$2,$H29,0))) -> 0 | J30: =J29+1 -> 46308 | K30: =SUMIFS('Daily Writing Log'!$H$5:$H$34,'Daily Writing Log'!$A$5:$A$34,$J30) -> 2400 | AZ30: =IF(ISNUMBER('Daily Writing Log'!$A30),WEEKDAY('Daily Writing Log'!$A30,2),0) -> 0
A31: =A30+1 -> 45609 | B31: =SUMIFS('Daily Writing Log'!$H$5:$H$34,'Daily Writing Log'!$A$5:$A$34,$A31) -> 0 | C31: =SUMIFS('Daily Writing Log'!$I$5:$I$34,'Daily Writing Log'!$A$5:$A$34,$A31) -> 0 | D31: =IF($C31>=Config!$B$5,1,0) -> 0 | E31: =IF(MONTH($A31)<>MONTH($A30),0,$G30) -> 0 | F31: =IF(AND($D31=0,$H30>0,$E31<Config!$B$8,$A31<Config!$A$2),1,0) -> 0 | G31: =$E31+$F31 -> 0 | H31: =IF($D31=1,$H30+1,IF($F31=1,$H30,IF($A31=Config!$A$2,$H30,0))) -> 0 | J31: =J30+1 -> 46309 | K31: =SUMIFS('Daily Writing Log'!$H$5:$H$34,'Daily Writing Log'!$A$5:$A$34,$J31) -> 0 | AZ31: =IF(ISNUMBER('Daily Writing Log'!$A31),WEEKDAY('Daily Writing Log'!$A31,2),0) -> 0 | BA31: Series / World | BB31: Total Lore Entities | BC31: Wikilink Edges
A32: =A31+1 -> 45610 | B32: =SUMIFS('Daily Writing Log'!$H$5:$H$34,'Daily Writing Log'!$A$5:$A$34,$A32) -> 0 | C32: =SUMIFS('Daily Writing Log'!$I$5:$I$34,'Daily Writing Log'!$A$5:$A$34,$A32) -> 0 | D32: =IF($C32>=Config!$B$5,1,0) -> 0 | E32: =IF(MONTH($A32)<>MONTH($A31),0,$G31) -> 0 | F32: =IF(AND($D32=0,$H31>0,$E32<Config!$B$8,$A32<Config!$A$2),1,0) -> 0 | G32: =$E32+$F32 -> 0 | H32: =IF($D32=1,$H31+1,IF($F32=1,$H31,IF($A32=Config!$A$2,$H31,0))) -> 0 | J32: =J31+1 -> 46310 | K32: =SUMIFS('Daily Writing Log'!$H$5:$H$34,'Daily Writing Log'!$A$5:$A$34,$J32) -> 0 | AV32: Day of Week | AW32: Words Added | AX32: Effort Points | AY32: Time Spent (Mins) | AZ32: =IF(ISNUMBER('Daily Writing Log'!$A32),WEEKDAY('Daily Writing Log'!$A32,2),0) -> 0 | BA32: ='World Bible & Lore'!$A$10 -> Sand Sea Saga | BB32: =SUM('World Bible & Lore'!$C$10:$I$10) -> 34 | BC32: =N('World Bible & Lore'!$J$10) -> 28
A33: =A32+1 -> 45611 | B33: =SUMIFS('Daily Writing Log'!$H$5:$H$34,'Daily Writing Log'!$A$5:$A$34,$A33) -> 0 | C33: =SUMIFS('Daily Writing Log'!$I$5:$I$34,'Daily Writing Log'!$A$5:$A$34,$A33) -> 0 | D33: =IF($C33>=Config!$B$5,1,0) -> 0 | E33: =IF(MONTH($A33)<>MONTH($A32),0,$G32) -> 0 | F33: =IF(AND($D33=0,$H32>0,$E33<Config!$B$8,$A33<Config!$A$2),1,0) -> 0 | G33: =$E33+$F33 -> 0 | H33: =IF($D33=1,$H32+1,IF($F33=1,$H32,IF($A33=Config!$A$2,$H32,0))) -> 0 | J33: =J32+1 -> 46311 | K33: =SUMIFS('Daily Writing Log'!$H$5:$H$34,'Daily Writing Log'!$A$5:$A$34,$J33) -> 0 | AV33: Mon | AW33: =SUMIFS('Daily Writing Log'!$H$5:$H$34,$AZ$5:$AZ$34,1) -> 0 | AX33: =SUMIFS('Daily Writing Log'!$I$5:$I$34,$AZ$5:$AZ$34,1) -> 0 | AY33: =SUMIFS('Daily Writing Log'!$L$5:$L$34,$AZ$5:$AZ$34,1) -> 0 | AZ33: =IF(ISNUMBER('Daily Writing Log'!$A33),WEEKDAY('Daily Writing Log'!$A33,2),0) -> 0 | BA33: ='World Bible & Lore'!$A$11 -> Gothic Fantasy Series | BB33: =SUM('World Bible & Lore'!$C$11:$I$11) -> 15 | BC33: =N('World Bible & Lore'!$J$11) -> 16
A34: =A33+1 -> 45612 | B34: =SUMIFS('Daily Writing Log'!$H$5:$H$34,'Daily Writing Log'!$A$5:$A$34,$A34) -> 0 | C34: =SUMIFS('Daily Writing Log'!$I$5:$I$34,'Daily Writing Log'!$A$5:$A$34,$A34) -> 0 | D34: =IF($C34>=Config!$B$5,1,0) -> 0 | E34: =IF(MONTH($A34)<>MONTH($A33),0,$G33) -> 0 | F34: =IF(AND($D34=0,$H33>0,$E34<Config!$B$8,$A34<Config!$A$2),1,0) -> 0 | G34: =$E34+$F34 -> 0 | H34: =IF($D34=1,$H33+1,IF($F34=1,$H33,IF($A34=Config!$A$2,$H33,0))) -> 0 | J34: =J33+1 -> 46312 | K34: =SUMIFS('Daily Writing Log'!$H$5:$H$34,'Daily Writing Log'!$A$5:$A$34,$J34) -> 0 | AV34: Tue | AW34: =SUMIFS('Daily Writing Log'!$H$5:$H$34,$AZ$5:$AZ$34,2) -> 0 | AX34: =SUMIFS('Daily Writing Log'!$I$5:$I$34,$AZ$5:$AZ$34,2) -> 0 | AY34: =SUMIFS('Daily Writing Log'!$L$5:$L$34,$AZ$5:$AZ$34,2) -> 0 | AZ34: =IF(ISNUMBER('Daily Writing Log'!$A34),WEEKDAY('Daily Writing Log'!$A34,2),0) -> 0 | BA34: ='World Bible & Lore'!$A$12 -> Classic Quest Fantasy | BB34: =SUM('World Bible & Lore'!$C$12:$I$12) -> 15 | BC34: =N('World Bible & Lore'!$J$12) -> 15
A35: =A34+1 -> 45613 | B35: =SUMIFS('Daily Writing Log'!$H$5:$H$34,'Daily Writing Log'!$A$5:$A$34,$A35) -> 0 | C35: =SUMIFS('Daily Writing Log'!$I$5:$I$34,'Daily Writing Log'!$A$5:$A$34,$A35) -> 0 | D35: =IF($C35>=Config!$B$5,1,0) -> 0 | E35: =IF(MONTH($A35)<>MONTH($A34),0,$G34) -> 0 | F35: =IF(AND($D35=0,$H34>0,$E35<Config!$B$8,$A35<Config!$A$2),1,0) -> 0 | G35: =$E35+$F35 -> 0 | H35: =IF($D35=1,$H34+1,IF($F35=1,$H34,IF($A35=Config!$A$2,$H34,0))) -> 0 | AV35: Wed | AW35: =SUMIFS('Daily Writing Log'!$H$5:$H$34,$AZ$5:$AZ$34,3) -> 0 | AX35: =SUMIFS('Daily Writing Log'!$I$5:$I$34,$AZ$5:$AZ$34,3) -> 0 | AY35: =SUMIFS('Daily Writing Log'!$L$5:$L$34,$AZ$5:$AZ$34,3) -> 0 | BA35: ='World Bible & Lore'!$A$13 -> Stormbreaker Chronicles | BB35: =SUM('World Bible & Lore'!$C$13:$I$13) -> 18 | BC35: =N('World Bible & Lore'!$J$13) -> 19
A36: =A35+1 -> 45614 | B36: =SUMIFS('Daily Writing Log'!$H$5:$H$34,'Daily Writing Log'!$A$5:$A$34,$A36) -> 0 | C36: =SUMIFS('Daily Writing Log'!$I$5:$I$34,'Daily Writing Log'!$A$5:$A$34,$A36) -> 0 | D36: =IF($C36>=Config!$B$5,1,0) -> 0 | E36: =IF(MONTH($A36)<>MONTH($A35),0,$G35) -> 0 | F36: =IF(AND($D36=0,$H35>0,$E36<Config!$B$8,$A36<Config!$A$2),1,0) -> 0 | G36: =$E36+$F36 -> 0 | H36: =IF($D36=1,$H35+1,IF($F36=1,$H35,IF($A36=Config!$A$2,$H35,0))) -> 0 | AV36: Thu | AW36: =SUMIFS('Daily Writing Log'!$H$5:$H$34,$AZ$5:$AZ$34,4) -> 0 | AX36: =SUMIFS('Daily Writing Log'!$I$5:$I$34,$AZ$5:$AZ$34,4) -> 0 | AY36: =SUMIFS('Daily Writing Log'!$L$5:$L$34,$AZ$5:$AZ$34,4) -> 0 | BA36: ='World Bible & Lore'!$A$14 -> The Silver Chronicles | BB36: =SUM('World Bible & Lore'!$C$14:$I$14) -> 16 | BC36: =N('World Bible & Lore'!$J$14) -> 75
A37: =A36+1 -> 45615 | B37: =SUMIFS('Daily Writing Log'!$H$5:$H$34,'Daily Writing Log'!$A$5:$A$34,$A37) -> 0 | C37: =SUMIFS('Daily Writing Log'!$I$5:$I$34,'Daily Writing Log'!$A$5:$A$34,$A37) -> 0 | D37: =IF($C37>=Config!$B$5,1,0) -> 0 | E37: =IF(MONTH($A37)<>MONTH($A36),0,$G36) -> 0 | F37: =IF(AND($D37=0,$H36>0,$E37<Config!$B$8,$A37<Config!$A$2),1,0) -> 0 | G37: =$E37+$F37 -> 0 | H37: =IF($D37=1,$H36+1,IF($F37=1,$H36,IF($A37=Config!$A$2,$H36,0))) -> 0 | AV37: Fri | AW37: =SUMIFS('Daily Writing Log'!$H$5:$H$34,$AZ$5:$AZ$34,5) -> 2600 | AX37: =SUMIFS('Daily Writing Log'!$I$5:$I$34,$AZ$5:$AZ$34,5) -> 2200 | AY37: =SUMIFS('Daily Writing Log'!$L$5:$L$34,$AZ$5:$AZ$34,5) -> 90
A38: =A37+1 -> 45616 | B38: =SUMIFS('Daily Writing Log'!$H$5:$H$34,'Daily Writing Log'!$A$5:$A$34,$A38) -> 0 | C38: =SUMIFS('Daily Writing Log'!$I$5:$I$34,'Daily Writing Log'!$A$5:$A$34,$A38) -> 0 | D38: =IF($C38>=Config!$B$5,1,0) -> 0 | E38: =IF(MONTH($A38)<>MONTH($A37),0,$G37) -> 0 | F38: =IF(AND($D38=0,$H37>0,$E38<Config!$B$8,$A38<Config!$A$2),1,0) -> 0 | G38: =$E38+$F38 -> 0 | H38: =IF($D38=1,$H37+1,IF($F38=1,$H37,IF($A38=Config!$A$2,$H37,0))) -> 0 | AV38: Sat | AW38: =SUMIFS('Daily Writing Log'!$H$5:$H$34,$AZ$5:$AZ$34,6) -> 0 | AX38: =SUMIFS('Daily Writing Log'!$I$5:$I$34,$AZ$5:$AZ$34,6) -> 0 | AY38: =SUMIFS('Daily Writing Log'!$L$5:$L$34,$AZ$5:$AZ$34,6) -> 0
A39: =A38+1 -> 45617 | B39: =SUMIFS('Daily Writing Log'!$H$5:$H$34,'Daily Writing Log'!$A$5:$A$34,$A39) -> 0 | C39: =SUMIFS('Daily Writing Log'!$I$5:$I$34,'Daily Writing Log'!$A$5:$A$34,$A39) -> 0 | D39: =IF($C39>=Config!$B$5,1,0) -> 0 | E39: =IF(MONTH($A39)<>MONTH($A38),0,$G38) -> 0 | F39: =IF(AND($D39=0,$H38>0,$E39<Config!$B$8,$A39<Config!$A$2),1,0) -> 0 | G39: =$E39+$F39 -> 0 | H39: =IF($D39=1,$H38+1,IF($F39=1,$H38,IF($A39=Config!$A$2,$H38,0))) -> 0 | AV39: Sun | AW39: =SUMIFS('Daily Writing Log'!$H$5:$H$34,$AZ$5:$AZ$34,7) -> 0 | AX39: =SUMIFS('Daily Writing Log'!$I$5:$I$34,$AZ$5:$AZ$34,7) -> 0 | AY39: =SUMIFS('Daily Writing Log'!$L$5:$L$34,$AZ$5:$AZ$34,7) -> 0
A40: =A39+1 -> 45618 | B40: =SUMIFS('Daily Writing Log'!$H$5:$H$34,'Daily Writing Log'!$A$5:$A$34,$A40) -> 0 | C40: =SUMIFS('Daily Writing Log'!$I$5:$I$34,'Daily Writing Log'!$A$5:$A$34,$A40) -> 0 | D40: =IF($C40>=Config!$B$5,1,0) -> 0 | E40: =IF(MONTH($A40)<>MONTH($A39),0,$G39) -> 0 | F40: =IF(AND($D40=0,$H39>0,$E40<Config!$B$8,$A40<Config!$A$2),1,0) -> 0 | G40: =$E40+$F40 -> 0 | H40: =IF($D40=1,$H39+1,IF($F40=1,$H39,IF($A40=Config!$A$2,$H39,0))) -> 0
A41: =A40+1 -> 45619 | B41: =SUMIFS('Daily Writing Log'!$H$5:$H$34,'Daily Writing Log'!$A$5:$A$34,$A41) -> 0 | C41: =SUMIFS('Daily Writing Log'!$I$5:$I$34,'Daily Writing Log'!$A$5:$A$34,$A41) -> 0 | D41: =IF($C41>=Config!$B$5,1,0) -> 0 | E41: =IF(MONTH($A41)<>MONTH($A40),0,$G40) -> 0 | F41: =IF(AND($D41=0,$H40>0,$E41<Config!$B$8,$A41<Config!$A$2),1,0) -> 0 | G41: =$E41+$F41 -> 0 | H41: =IF($D41=1,$H40+1,IF($F41=1,$H40,IF($A41=Config!$A$2,$H40,0))) -> 0
A42: =A41+1 -> 45620 | B42: =SUMIFS('Daily Writing Log'!$H$5:$H$34,'Daily Writing Log'!$A$5:$A$34,$A42) -> 0 | C42: =SUMIFS('Daily Writing Log'!$I$5:$I$34,'Daily Writing Log'!$A$5:$A$34,$A42) -> 0 | D42: =IF($C42>=Config!$B$5,1,0) -> 0 | E42: =IF(MONTH($A42)<>MONTH($A41),0,$G41) -> 0 | F42: =IF(AND($D42=0,$H41>0,$E42<Config!$B$8,$A42<Config!$A$2),1,0) -> 0 | G42: =$E42+$F42 -> 0 | H42: =IF($D42=1,$H41+1,IF($F42=1,$H41,IF($A42=Config!$A$2,$H41,0))) -> 0
A43: =A42+1 -> 45621 | B43: =SUMIFS('Daily Writing Log'!$H$5:$H$34,'Daily Writing Log'!$A$5:$A$34,$A43) -> 0 | C43: =SUMIFS('Daily Writing Log'!$I$5:$I$34,'Daily Writing Log'!$A$5:$A$34,$A43) -> 0 | D43: =IF($C43>=Config!$B$5,1,0) -> 0 | E43: =IF(MONTH($A43)<>MONTH($A42),0,$G42) -> 0 | F43: =IF(AND($D43=0,$H42>0,$E43<Config!$B$8,$A43<Config!$A$2),1,0) -> 0 | G43: =$E43+$F43 -> 0 | H43: =IF($D43=1,$H42+1,IF($F43=1,$H42,IF($A43=Config!$A$2,$H42,0))) -> 0
A44: =A43+1 -> 45622 | B44: =SUMIFS('Daily Writing Log'!$H$5:$H$34,'Daily Writing Log'!$A$5:$A$34,$A44) -> 0 | C44: =SUMIFS('Daily Writing Log'!$I$5:$I$34,'Daily Writing Log'!$A$5:$A$34,$A44) -> 0 | D44: =IF($C44>=Config!$B$5,1,0) -> 0 | E44: =IF(MONTH($A44)<>MONTH($A43),0,$G43) -> 0 | F44: =IF(AND($D44=0,$H43>0,$E44<Config!$B$8,$A44<Config!$A$2),1,0) -> 0 | G44: =$E44+$F44 -> 0 | H44: =IF($D44=1,$H43+1,IF($F44=1,$H43,IF($A44=Config!$A$2,$H43,0))) -> 0
A45: =A44+1 -> 45623 | B45: =SUMIFS('Daily Writing Log'!$H$5:$H$34,'Daily Writing Log'!$A$5:$A$34,$A45) -> 0 | C45: =SUMIFS('Daily Writing Log'!$I$5:$I$34,'Daily Writing Log'!$A$5:$A$34,$A45) -> 0 | D45: =IF($C45>=Config!$B$5,1,0) -> 0 | E45: =IF(MONTH($A45)<>MONTH($A44),0,$G44) -> 0 | F45: =IF(AND($D45=0,$H44>0,$E45<Config!$B$8,$A45<Config!$A$2),1,0) -> 0 | G45: =$E45+$F45 -> 0 | H45: =IF($D45=1,$H44+1,IF($F45=1,$H44,IF($A45=Config!$A$2,$H44,0))) -> 0
A46: =A45+1 -> 45624 | B46: =SUMIFS('Daily Writing Log'!$H$5:$H$34,'Daily Writing Log'!$A$5:$A$34,$A46) -> 0 | C46: =SUMIFS('Daily Writing Log'!$I$5:$I$34,'Daily Writing Log'!$A$5:$A$34,$A46) -> 0 | D46: =IF($C46>=Config!$B$5,1,0) -> 0 | E46: =IF(MONTH($A46)<>MONTH($A45),0,$G45) -> 0 | F46: =IF(AND($D46=0,$H45>0,$E46<Config!$B$8,$A46<Config!$A$2),1,0) -> 0 | G46: =$E46+$F46 -> 0 | H46: =IF($D46=1,$H45+1,IF($F46=1,$H45,IF($A46=Config!$A$2,$H45,0))) -> 0
A47: =A46+1 -> 45625 | B47: =SUMIFS('Daily Writing Log'!$H$5:$H$34,'Daily Writing Log'!$A$5:$A$34,$A47) -> 0 | C47: =SUMIFS('Daily Writing Log'!$I$5:$I$34,'Daily Writing Log'!$A$5:$A$34,$A47) -> 0 | D47: =IF($C47>=Config!$B$5,1,0) -> 0 | E47: =IF(MONTH($A47)<>MONTH($A46),0,$G46) -> 0 | F47: =IF(AND($D47=0,$H46>0,$E47<Config!$B$8,$A47<Config!$A$2),1,0) -> 0 | G47: =$E47+$F47 -> 0 | H47: =IF($D47=1,$H46+1,IF($F47=1,$H46,IF($A47=Config!$A$2,$H46,0))) -> 0
A48: =A47+1 -> 45626 | B48: =SUMIFS('Daily Writing Log'!$H$5:$H$34,'Daily Writing Log'!$A$5:$A$34,$A48) -> 0 | C48: =SUMIFS('Daily Writing Log'!$I$5:$I$34,'Daily Writing Log'!$A$5:$A$34,$A48) -> 0 | D48: =IF($C48>=Config!$B$5,1,0) -> 0 | E48: =IF(MONTH($A48)<>MONTH($A47),0,$G47) -> 0 | F48: =IF(AND($D48=0,$H47>0,$E48<Config!$B$8,$A48<Config!$A$2),1,0) -> 0 | G48: =$E48+$F48 -> 0 | H48: =IF($D48=1,$H47+1,IF($F48=1,$H47,IF($A48=Config!$A$2,$H47,0))) -> 0
A49: =A48+1 -> 45627 | B49: =SUMIFS('Daily Writing Log'!$H$5:$H$34,'Daily Writing Log'!$A$5:$A$34,$A49) -> 0 | C49: =SUMIFS('Daily Writing Log'!$I$5:$I$34,'Daily Writing Log'!$A$5:$A$34,$A49) -> 0 | D49: =IF($C49>=Config!$B$5,1,0) -> 0 | E49: =IF(MONTH($A49)<>MONTH($A48),0,$G48) -> 0 | F49: =IF(AND($D49=0,$H48>0,$E49<Config!$B$8,$A49<Config!$A$2),1,0) -> 0 | G49: =$E49+$F49 -> 0 | H49: =IF($D49=1,$H48+1,IF($F49=1,$H48,IF($A49=Config!$A$2,$H48,0))) -> 0
A50: =A49+1 -> 45628 | B50: =SUMIFS('Daily Writing Log'!$H$5:$H$34,'Daily Writing Log'!$A$5:$A$34,$A50) -> 0 | C50: =SUMIFS('Daily Writing Log'!$I$5:$I$34,'Daily Writing Log'!$A$5:$A$34,$A50) -> 0 | D50: =IF($C50>=Config!$B$5,1,0) -> 0 | E50: =IF(MONTH($A50)<>MONTH($A49),0,$G49) -> 0 | F50: =IF(AND($D50=0,$H49>0,$E50<Config!$B$8,$A50<Config!$A$2),1,0) -> 0 | G50: =$E50+$F50 -> 0 | H50: =IF($D50=1,$H49+1,IF($F50=1,$H49,IF($A50=Config!$A$2,$H49,0))) -> 0
A51: =A50+1 -> 45629 | B51: =SUMIFS('Daily Writing Log'!$H$5:$H$34,'Daily Writing Log'!$A$5:$A$34,$A51) -> 0 | C51: =SUMIFS('Daily Writing Log'!$I$5:$I$34,'Daily Writing Log'!$A$5:$A$34,$A51) -> 0 | D51: =IF($C51>=Config!$B$5,1,0) -> 0 | E51: =IF(MONTH($A51)<>MONTH($A50),0,$G50) -> 0 | F51: =IF(AND($D51=0,$H50>0,$E51<Config!$B$8,$A51<Config!$A$2),1,0) -> 0 | G51: =$E51+$F51 -> 0 | H51: =IF($D51=1,$H50+1,IF($F51=1,$H50,IF($A51=Config!$A$2,$H50,0))) -> 0
... A734: =A733+1 -> 46312 | B734: =SUMIFS('Daily Writing Log'!$H$5:$H$34,'Daily Writing Log'!$A$5:$A$34,$A734) -> 0 | C734: =SUMIFS('Daily Writing Log'!$I$5:$I$34,'Daily Writing Log'!$A$5:$A$34,$A734) -> 0 | D734: =IF($C734>=Config!$B$5,1,0) -> 0 | E734: =IF(MONTH($A734)<>MONTH($A733),0,$G733) -> 3 | F734: =IF(AND($D734=0,$H733>0,$E734<Config!$B$8,$A734<Config!$A$2),1,0) -> 0 | G734: =$E734+$F734 -> 3 | H734: =IF($D734=1,$H733+1,IF($F734=1,$H733,IF($A734=Config!$A$2,$H733,0))) -> 2

Sheet Continuity & Compilers
A1: 🛡️ ARS ARCANUM • DETERMINISTIC CONTINUITY & COMPILER TELEMETRY
A2: Auto-linked to 'My Books' & synchronized by `arcanum workbook sync` (`scripts/lib/workbook_sync.py`). Tracks EPI-*, TIME-*, CON-*, LED-*, BRD-*, and REV-* across all manuscripts.
A4: CONTINUITY COMPILER GATE | D4: INDEXED VAULT DOCUMENTS | G4: ACTIVE COMPILER FINDINGS | J4: EXCISED REVISION SCRAPS
A5: =IF(G5=0,"PASS (CLEAN)","NEEDS ATTENTION") -> PASS (CLEAN) | D5: =SUM(D10:D29) -> 28 | G5: =SUM(J10:J29) -> 0 | J5: =SUM(L10:L29) -> 1
A6: All 5 Deterministic Compilers | D6: ="(" & COUNTIF(D10:D29,">0") & " Vaults Indexed)" -> (6 Vaults Indexed) | G6: EPI · TIME · CON · LED · BRD | J6: ="Avg Churn: " & TEXT(IF(COUNT(K10:K29)>0,AVERAGE(K10:K29),0),"0.0%") -> Avg Churn: 3.1%
A7: ⚡ Synced via VaultContinuityRunner | D7: 📦 Cache: .arcanum_cache.json (v3) | G7: =IF(G5=0,"✅ 0 Spoiler / Physics Leaks","⚠️ Review Actionable Findings") -> ✅ 0 Spoiler / Physics Leaks | J7: ✂️ Cuts >= 50 wds -> Scraps/
A8: 📌 BOOK & VAULT CONTINUITY COMPILER MATRIX (AUTO-POPULATES FROM 'MY BOOKS' & CLI RUNNER)
A9: Book Title [Auto] | B9: Universe [Auto] | C9: Stage [Auto] | D9: Indexed Docs | E9: EPI-* (POV Leaks) | F9: TIME-* (Routes) | G9: CON-* (Conlang) | H9: LED-* (Resources) | I9: BRD-* (Droughts) | J9: Total Findings [Auto] | K9: Draft Churn % | L9: Scraps Saved | M9: Compiler Gate Status [Auto]
A10: =IF('My Books'!$B5="","",'My Books'!$B5) -> Prisoner of Sand Sea | B10: =IF($A10="","",'My Books'!$D5) -> Reliquary | C10: =IF($A10="","",'My Books'!$F5) -> Concept | D10: 3 | E10: 0 | F10: 0 | G10: 0 | H10: 0 | I10: 0 | J10: =IF($A10="","",SUM(E10:I10)) -> 0 | K10: 0 | L10: 0 | M10: =IF($A10="","",IF(N(D10)=0,"⚪ Pending Vault Scan",IF(N(J10)=0,"✅ PASS (0 Findings)","⚠️ "&J10&" Finding(s)"))) -> ✅ PASS (0 Findings)
A11: =IF('My Books'!$B6="","",'My Books'!$B6) -> Gothic Fantasy 1 | B11: =IF($A11="","",'My Books'!$D6) -> Reliquary | C11: =IF($A11="","",'My Books'!$F6) -> Concept | D11: 2 | E11: 0 | F11: 0 | G11: 0 | H11: 0 | I11: 0 | J11: =IF($A11="","",SUM(E11:I11)) -> 0 | K11: 0 | L11: 0 | M11: =IF($A11="","",IF(N(D11)=0,"⚪ Pending Vault Scan",IF(N(J11)=0,"✅ PASS (0 Findings)","⚠️ "&J11&" Finding(s)"))) -> ✅ PASS (0 Findings)
A12: =IF('My Books'!$B7="","",'My Books'!$B7) -> Quest Fantasy 1 | B12: =IF($A12="","",'My Books'!$D7) -> Reliquary | C12: =IF($A12="","",'My Books'!$F7) -> Concept | D12: 1 | E12: 0 | F12: 0 | G12: 0 | H12: 0 | I12: 0 | J12: =IF($A12="","",SUM(E12:I12)) -> 0 | K12: 0 | L12: 0 | M12: =IF($A12="","",IF(N(D12)=0,"⚪ Pending Vault Scan",IF(N(J12)=0,"✅ PASS (0 Findings)","⚠️ "&J12&" Finding(s)"))) -> ✅ PASS (0 Findings)
A13: =IF('My Books'!$B8="","",'My Books'!$B8) -> Ruler of Sand Sea | B13: =IF($A13="","",'My Books'!$D8) -> Reliquary | C13: =IF($A13="","",'My Books'!$F8) -> Concept | D13: 1 | E13: 0 | F13: 0 | G13: 0 | H13: 0 | I13: 0 | J13: =IF($A13="","",SUM(E13:I13)) -> 0 | K13: 0 | L13: 0 | M13: =IF($A13="","",IF(N(D13)=0,"⚪ Pending Vault Scan",IF(N(J13)=0,"✅ PASS (0 Findings)","⚠️ "&J13&" Finding(s)"))) -> ✅ PASS (0 Findings)
A14: =IF('My Books'!$B9="","",'My Books'!$B9) -> Company of the Storm | B14: =IF($A14="","",'My Books'!$D9) -> Reliquary | C14: =IF($A14="","",'My Books'!$F9) -> Concept | D14: 1 | E14: 0 | F14: 0 | G14: 0 | H14: 0 | I14: 0 | J14: =IF($A14="","",SUM(E14:I14)) -> 0 | K14: 0 | L14: 0 | M14: =IF($A14="","",IF(N(D14)=0,"⚪ Pending Vault Scan",IF(N(J14)=0,"✅ PASS (0 Findings)","⚠️ "&J14&" Finding(s)"))) -> ✅ PASS (0 Findings)
A15: =IF('My Books'!$B10="","",'My Books'!$B10) -> The Silver Chronicles | B15: =IF($A15="","",'My Books'!$D10) -> Eldoria-Cosmos | C15: =IF($A15="","",'My Books'!$F10) -> Drafting | D15: 20 | E15: 0 | F15: 0 | G15: 0 | H15: 0 | I15: 0 | J15: =IF($A15="","",SUM(E15:I15)) -> 0 | K15: 0.184 | L15: 1 | M15: =IF($A15="","",IF(N(D15)=0,"⚪ Pending Vault Scan",IF(N(J15)=0,"✅ PASS (0 Findings)","⚠️ "&J15&" Finding(s)"))) -> ✅ PASS (0 Findings)
A16: =IF('My Books'!$B11="","",'My Books'!$B11) | B16: =IF($A16="","",'My Books'!$D11) | C16: =IF($A16="","",'My Books'!$F11) | J16: =IF($A16="","",SUM(E16:I16)) | M16: =IF($A16="","",IF(N(D16)=0,"⚪ Pending Vault Scan",IF(N(J16)=0,"✅ PASS (0 Findings)","⚠️ "&J16&" Finding(s)")))
A17: =IF('My Books'!$B12="","",'My Books'!$B12) | B17: =IF($A17="","",'My Books'!$D12) | C17: =IF($A17="","",'My Books'!$F12) | J17: =IF($A17="","",SUM(E17:I17)) | M17: =IF($A17="","",IF(N(D17)=0,"⚪ Pending Vault Scan",IF(N(J17)=0,"✅ PASS (0 Findings)","⚠️ "&J17&" Finding(s)")))
A18: =IF('My Books'!$B13="","",'My Books'!$B13) | B18: =IF($A18="","",'My Books'!$D13) | C18: =IF($A18="","",'My Books'!$F13) | J18: =IF($A18="","",SUM(E18:I18)) | M18: =IF($A18="","",IF(N(D18)=0,"⚪ Pending Vault Scan",IF(N(J18)=0,"✅ PASS (0 Findings)","⚠️ "&J18&" Finding(s)")))
A19: =IF('My Books'!$B14="","",'My Books'!$B14) | B19: =IF($A19="","",'My Books'!$D14) | C19: =IF($A19="","",'My Books'!$F14) | J19: =IF($A19="","",SUM(E19:I19)) | M19: =IF($A19="","",IF(N(D19)=0,"⚪ Pending Vault Scan",IF(N(J19)=0,"✅ PASS (0 Findings)","⚠️ "&J19&" Finding(s)")))
A20: =IF('My Books'!$B15="","",'My Books'!$B15) | B20: =IF($A20="","",'My Books'!$D15) | C20: =IF($A20="","",'My Books'!$F15) | J20: =IF($A20="","",SUM(E20:I20)) | M20: =IF($A20="","",IF(N(D20)=0,"⚪ Pending Vault Scan",IF(N(J20)=0,"✅ PASS (0 Findings)","⚠️ "&J20&" Finding(s)")))
A21: =IF('My Books'!$B16="","",'My Books'!$B16) | B21: =IF($A21="","",'My Books'!$D16) | C21: =IF($A21="","",'My Books'!$F16) | J21: =IF($A21="","",SUM(E21:I21)) | M21: =IF($A21="","",IF(N(D21)=0,"⚪ Pending Vault Scan",IF(N(J21)=0,"✅ PASS (0 Findings)","⚠️ "&J21&" Finding(s)")))
A22: =IF('My Books'!$B17="","",'My Books'!$B17) | B22: =IF($A22="","",'My Books'!$D17) | C22: =IF($A22="","",'My Books'!$F17) | J22: =IF($A22="","",SUM(E22:I22)) | M22: =IF($A22="","",IF(N(D22)=0,"⚪ Pending Vault Scan",IF(N(J22)=0,"✅ PASS (0 Findings)","⚠️ "&J22&" Finding(s)")))
A23: =IF('My Books'!$B18="","",'My Books'!$B18) | B23: =IF($A23="","",'My Books'!$D18) | C23: =IF($A23="","",'My Books'!$F18) | J23: =IF($A23="","",SUM(E23:I23)) | M23: =IF($A23="","",IF(N(D23)=0,"⚪ Pending Vault Scan",IF(N(J23)=0,"✅ PASS (0 Findings)","⚠️ "&J23&" Finding(s)")))
A24: =IF('My Books'!$B19="","",'My Books'!$B19) | B24: =IF($A24="","",'My Books'!$D19) | C24: =IF($A24="","",'My Books'!$F19) | J24: =IF($A24="","",SUM(E24:I24)) | M24: =IF($A24="","",IF(N(D24)=0,"⚪ Pending Vault Scan",IF(N(J24)=0,"✅ PASS (0 Findings)","⚠️ "&J24&" Finding(s)")))
A25: =IF('My Books'!$B20="","",'My Books'!$B20) | B25: =IF($A25="","",'My Books'!$D20) | C25: =IF($A25="","",'My Books'!$F20) | J25: =IF($A25="","",SUM(E25:I25)) | M25: =IF($A25="","",IF(N(D25)=0,"⚪ Pending Vault Scan",IF(N(J25)=0,"✅ PASS (0 Findings)","⚠️ "&J25&" Finding(s)")))
A26: =IF('My Books'!$B21="","",'My Books'!$B21) | B26: =IF($A26="","",'My Books'!$D21) | C26: =IF($A26="","",'My Books'!$F21) | J26: =IF($A26="","",SUM(E26:I26)) | M26: =IF($A26="","",IF(N(D26)=0,"⚪ Pending Vault Scan",IF(N(J26)=0,"✅ PASS (0 Findings)","⚠️ "&J26&" Finding(s)")))
A27: =IF('My Books'!$B22="","",'My Books'!$B22) | B27: =IF($A27="","",'My Books'!$D22) | C27: =IF($A27="","",'My Books'!$F22) | J27: =IF($A27="","",SUM(E27:I27)) | M27: =IF($A27="","",IF(N(D27)=0,"⚪ Pending Vault Scan",IF(N(J27)=0,"✅ PASS (0 Findings)","⚠️ "&J27&" Finding(s)")))
... A29: =IF('My Books'!$B24="","",'My Books'!$B24) | B29: =IF($A29="","",'My Books'!$D24) | C29: =IF($A29="","",'My Books'!$F24) | J29: =IF($A29="","",SUM(E29:I29)) | M29: =IF($A29="","",IF(N(D29)=0,"⚪ Pending Vault Scan",IF(N(J29)=0,"✅ PASS (0 Findings)","⚠️ "&J29&" Finding(s)")))
A30: Total Continuity Portfolio | D30: =SUM(D10:D29) -> 28 | E30: =SUM(E10:E29) -> 0 | F30: =SUM(F10:F29) -> 0 | G30: =SUM(G10:G29) -> 0 | H30: =SUM(H10:H29) -> 0 | I30: =SUM(I10:I29) -> 0 | J30: =SUM(J10:J29) -> 0 | K30: =IF(COUNT(K10:K29)>0,AVERAGE(K10:K29),0) -> 0.030666667 | L30: =SUM(L10:L29) -> 1 | M30: =IF(J30=0,"✅ All Audited Vaults Clean","⚠️ "&J30&" Total Findings") -> ✅ All Audited Vaults Clean
A32: 📊 CONTINUITY COMPILER ANALYTICS • FINDINGS BY PILLAR & INDEXED VAULT COVERAGE

Sheet World Bible & Lore
A1: 🏛️ ARS ARCANUM • WORLD BIBLE, CONLANG & CANON ENTITY REGISTRY
A2: Auto-linked to 'Universes & Series' & populated by `arcanum workbook sync`. Tracks Characters, Locations, Magic/Tech, PolyGlot Conlangs, Factions, Artifacts, History, and Wikilinks.
A4: TOTAL WORLD BIBLE ENTITIES | D4: POLYGLOT CONLANG LEXEMES | G4: WIKILINK GRAPH EDGES | J4: ACTIVE LORE VAULTS
A5: =SUM(C10:I29) -> 106 | D5: =SUM(F10:F29) -> 15 | G5: =SUM(J10:J29) -> 163 | J5: =COUNTIF(A10:A29,"?*") -> 6
A6: Across All 10 World Bible Domains | D6: Validated via CON-401 / CON-402 | G6: Cross-Referenced [[Entity]] Links | J6: Linked to Universes & Series
A7: 📚 Codex Ready (`arcanum codex`) | D7: 🗣️ PolyGlot (.pgd / .xml) Synced | G7: 🕸️ Code-Fence-Safe Extraction | J7: 🪐 Custom Planetary Calendars
A8: 📌 WORLD BIBLE & CONLANG ENTITY BREAKDOWN (AUTO-POPULATES FROM 'UNIVERSES & SERIES' & VAULT INDEX)
A9: Series / World Vault [Auto] | B9: Universe [Auto] | C9: Characters | D9: Locations & Routes | E9: Magic & Tech | F9: Conlang Lexemes | G9: Factions & Lineages | H9: Artifacts & Bestiary | I9: History & Cosmology | J9: Wikilinks ([[...]]) | K9: Planetary Calendar Spec | L9: World Bible Health [Auto]
A10: =IF('Universes & Series'!$A5="","",'Universes & Series'!$A5) -> Sand Sea Saga | B10: =IF($A10="","",'Universes & Series'!$B5) -> Reliquary | C10: 4 | D10: 5 | E10: 3 | F10: 12 | G10: 3 | H10: 4 | I10: 3 | J10: 28 | K10: Reliquary Solar (10m × 36d = 360d) | L10: =IF($A10="","",IF(SUM(C10:I10)=0,"⚪ Empty Lore Vault",IF(J10>=SUM(C10:I10),"🟢 Richly Linked ("&SUM(C10:I10)&" entities)","🟡 Growing Lore ("&SUM(C10:I10)&" entities)"))) -> 🟡 Growing Lore (34 entities)
A11: =IF('Universes & Series'!$A6="","",'Universes & Series'!$A6) -> Gothic Fantasy Series | B11: =IF($A11="","",'Universes & Series'!$B6) -> Reliquary | C11: 3 | D11: 3 | E11: 2 | F11: 0 | G11: 2 | H11: 3 | I11: 2 | J11: 16 | K11: Reliquary Lunar Reckoning (354d) | L11: =IF($A11="","",IF(SUM(C11:I11)=0,"⚪ Empty Lore Vault",IF(J11>=SUM(C11:I11),"🟢 Richly Linked ("&SUM(C11:I11)&" entities)","🟡 Growing Lore ("&SUM(C11:I11)&" entities)"))) -> 🟢 Richly Linked (15 entities)
A12: =IF('Universes & Series'!$A7="","",'Universes & Series'!$A7) -> Classic Quest Fantasy | B12: =IF($A12="","",'Universes & Series'!$B7) -> Reliquary | C12: 3 | D12: 4 | E12: 2 | F12: 0 | G12: 2 | H12: 2 | I12: 2 | J12: 15 | K12: Reliquary Standard Reckoning (360d) | L12: =IF($A12="","",IF(SUM(C12:I12)=0,"⚪ Empty Lore Vault",IF(J12>=SUM(C12:I12),"🟢 Richly Linked ("&SUM(C12:I12)&" entities)","🟡 Growing Lore ("&SUM(C12:I12)&" entities)"))) -> 🟢 Richly Linked (15 entities)
A13: =IF('Universes & Series'!$A8="","",'Universes & Series'!$A8) -> Stormbreaker Chronicles | B13: =IF($A13="","",'Universes & Series'!$B8) -> Reliquary | C13: 5 | D13: 4 | E13: 1 | F13: 0 | G13: 4 | H13: 2 | I13: 2 | J13: 19 | K13: Mercenary Campaign Reckoning (360d) | L13: =IF($A13="","",IF(SUM(C13:I13)=0,"⚪ Empty Lore Vault",IF(J13>=SUM(C13:I13),"🟢 Richly Linked ("&SUM(C13:I13)&" entities)","🟡 Growing Lore ("&SUM(C13:I13)&" entities)"))) -> 🟢 Richly Linked (18 entities)
A14: =IF('Universes & Series'!$A9="","",'Universes & Series'!$A9) -> The Silver Chronicles | B14: =IF($A14="","",'Universes & Series'!$B9) -> Eldoria-Cosmos | C14: 3 | D14: 3 | E14: 1 | F14: 3 | G14: 1 | H14: 2 | I14: 3 | J14: 75 | K14: Eldorian Celestial (10m × 36d = 360d) | L14: =IF($A14="","",IF(SUM(C14:I14)=0,"⚪ Empty Lore Vault",IF(J14>=SUM(C14:I14),"🟢 Richly Linked ("&SUM(C14:I14)&" entities)","🟡 Growing Lore ("&SUM(C14:I14)&" entities)"))) -> 🟢 Richly Linked (16 entities)
A15: =IF('Universes & Series'!$A10="","",'Universes & Series'!$A10) -> Silver Chronicles | B15: =IF($A15="","",'Universes & Series'!$B10) -> Eldoria-Cosmos | C15: 2 | D15: 2 | E15: 1 | F15: 0 | G15: 1 | H15: 1 | I15: 1 | J15: 10 | K15: Standard Reckoning (360d) | L15: =IF($A15="","",IF(SUM(C15:I15)=0,"⚪ Empty Lore Vault",IF(J15>=SUM(C15:I15),"🟢 Richly Linked ("&SUM(C15:I15)&" entities)","🟡 Growing Lore ("&SUM(C15:I15)&" entities)"))) -> 🟢 Richly Linked (8 entities)
A16: =IF('Universes & Series'!$A11="","",'Universes & Series'!$A11) | B16: =IF($A16="","",'Universes & Series'!$B11) | L16: =IF($A16="","",IF(SUM(C16:I16)=0,"⚪ Empty Lore Vault",IF(J16>=SUM(C16:I16),"🟢 Richly Linked ("&SUM(C16:I16)&" entities)","🟡 Growing Lore ("&SUM(C16:I16)&" entities)")))
A17: =IF('Universes & Series'!$A12="","",'Universes & Series'!$A12) | B17: =IF($A17="","",'Universes & Series'!$B12) | L17: =IF($A17="","",IF(SUM(C17:I17)=0,"⚪ Empty Lore Vault",IF(J17>=SUM(C17:I17),"🟢 Richly Linked ("&SUM(C17:I17)&" entities)","🟡 Growing Lore ("&SUM(C17:I17)&" entities)")))
A18: =IF('Universes & Series'!$A13="","",'Universes & Series'!$A13) | B18: =IF($A18="","",'Universes & Series'!$B13) | L18: =IF($A18="","",IF(SUM(C18:I18)=0,"⚪ Empty Lore Vault",IF(J18>=SUM(C18:I18),"🟢 Richly Linked ("&SUM(C18:I18)&" entities)","🟡 Growing Lore ("&SUM(C18:I18)&" entities)")))
A19: =IF('Universes & Series'!$A14="","",'Universes & Series'!$A14) | B19: =IF($A19="","",'Universes & Series'!$B14) | L19: =IF($A19="","",IF(SUM(C19:I19)=0,"⚪ Empty Lore Vault",IF(J19>=SUM(C19:I19),"🟢 Richly Linked ("&SUM(C19:I19)&" entities)","🟡 Growing Lore ("&SUM(C19:I19)&" entities)")))
A20: =IF('Universes & Series'!$A15="","",'Universes & Series'!$A15) | B20: =IF($A20="","",'Universes & Series'!$B15) | L20: =IF($A20="","",IF(SUM(C20:I20)=0,"⚪ Empty Lore Vault",IF(J20>=SUM(C20:I20),"🟢 Richly Linked ("&SUM(C20:I20)&" entities)","🟡 Growing Lore ("&SUM(C20:I20)&" entities)")))
A21: =IF('Universes & Series'!$A16="","",'Universes & Series'!$A16) | B21: =IF($A21="","",'Universes & Series'!$B16) | L21: =IF($A21="","",IF(SUM(C21:I21)=0,"⚪ Empty Lore Vault",IF(J21>=SUM(C21:I21),"🟢 Richly Linked ("&SUM(C21:I21)&" entities)","🟡 Growing Lore ("&SUM(C21:I21)&" entities)")))
A22: =IF('Universes & Series'!$A17="","",'Universes & Series'!$A17) | B22: =IF($A22="","",'Universes & Series'!$B17) | L22: =IF($A22="","",IF(SUM(C22:I22)=0,"⚪ Empty Lore Vault",IF(J22>=SUM(C22:I22),"🟢 Richly Linked ("&SUM(C22:I22)&" entities)","🟡 Growing Lore ("&SUM(C22:I22)&" entities)")))
A23: =IF('Universes & Series'!$A18="","",'Universes & Series'!$A18) | B23: =IF($A23="","",'Universes & Series'!$B18) | L23: =IF($A23="","",IF(SUM(C23:I23)=0,"⚪ Empty Lore Vault",IF(J23>=SUM(C23:I23),"🟢 Richly Linked ("&SUM(C23:I23)&" entities)","🟡 Growing Lore ("&SUM(C23:I23)&" entities)")))
A24: =IF('Universes & Series'!$A19="","",'Universes & Series'!$A19) | B24: =IF($A24="","",'Universes & Series'!$B19) | L24: =IF($A24="","",IF(SUM(C24:I24)=0,"⚪ Empty Lore Vault",IF(J24>=SUM(C24:I24),"🟢 Richly Linked ("&SUM(C24:I24)&" entities)","🟡 Growing Lore ("&SUM(C24:I24)&" entities)")))
A25: =IF('Universes & Series'!$A20="","",'Universes & Series'!$A20) | B25: =IF($A25="","",'Universes & Series'!$B20) | L25: =IF($A25="","",IF(SUM(C25:I25)=0,"⚪ Empty Lore Vault",IF(J25>=SUM(C25:I25),"🟢 Richly Linked ("&SUM(C25:I25)&" entities)","🟡 Growing Lore ("&SUM(C25:I25)&" entities)")))
A26: =IF('Universes & Series'!$A21="","",'Universes & Series'!$A21) | B26: =IF($A26="","",'Universes & Series'!$B21) | L26: =IF($A26="","",IF(SUM(C26:I26)=0,"⚪ Empty Lore Vault",IF(J26>=SUM(C26:I26),"🟢 Richly Linked ("&SUM(C26:I26)&" entities)","🟡 Growing Lore ("&SUM(C26:I26)&" entities)")))
A27: =IF('Universes & Series'!$A22="","",'Universes & Series'!$A22) | B27: =IF($A27="","",'Universes & Series'!$B22) | L27: =IF($A27="","",IF(SUM(C27:I27)=0,"⚪ Empty Lore Vault",IF(J27>=SUM(C27:I27),"🟢 Richly Linked ("&SUM(C27:I27)&" entities)","🟡 Growing Lore ("&SUM(C27:I27)&" entities)")))
... A29: =IF('Universes & Series'!$A24="","",'Universes & Series'!$A24) | B29: =IF($A29="","",'Universes & Series'!$B24) | L29: =IF($A29="","",IF(SUM(C29:I29)=0,"⚪ Empty Lore Vault",IF(J29>=SUM(C29:I29),"🟢 Richly Linked ("&SUM(C29:I29)&" entities)","🟡 Growing Lore ("&SUM(C29:I29)&" entities)")))
A30: Total World Bible Portfolio | C30: =SUM(C10:C29) -> 20 | D30: =SUM(D10:D29) -> 21 | E30: =SUM(E10:E29) -> 10 | F30: =SUM(F10:F29) -> 15 | G30: =SUM(G10:G29) -> 13 | H30: =SUM(H10:H29) -> 14 | I30: =SUM(I10:I29) -> 13 | J30: =SUM(J10:J29) -> 163 | K30: =COUNTA(K10:K29)&" Custom Calendars" -> 6 Custom Calendars | L30: =SUM(C30:I30)&" Total Canon Entities" -> 106 Total Canon Entities
A32: 📊 WORLD BIBLE ANALYTICS • LORE DOMAIN COMPOSITION & WIKILINK GRAPH DENSITY
